Price,Open,High,Low,Close,Volume
Ticker,TATAPOWER.NS,TATAPOWER.NS,TATAPOWER.NS,TATAPOWER.NS,TATAPOWER.NS
Date,,,,,
2020-01-01,53.17428488764964,54.15725952344581,53.033861980360875,53.9232177734375,3878107
2020-01-02,54.20406844823597,54.43811018839037,53.174282648840496,54.29768371582031,12142359
2020-01-03,54.297682328657665,54.81257342960453,53.642364758728284,54.06364059448242,9746134
2020-01-06,53.40832895115951,53.82960483366172,52.378546634993086,53.127479553222656,3833784
2020-01-07,53.45513643643769,53.876412317737966,52.472161760866285,52.98705291748047,3974582
2020-01-08,52.4253515625,53.12747680664062,52.14450217908248,52.659393310546875,3078686
2020-01-09,52.94024201930738,54.484918965209246,52.94024201930738,54.110450744628906,6282472
2020-01-10,54.06364492280625,55.70193719319432,53.68917668966863,55.18704605102539,10571670
2020-01-13,55.42108422438175,56.0295905999358,55.09342364875095,55.60831832885742,5570014
2020-01-14,55.70193264474035,56.49767311118784,55.42108327841733,56.35725021362305,5841008
2020-01-15,56.45087088455782,57.199803790203596,56.07640621733183,57.0125732421875,5808570
2020-01-16,57.19979736187589,57.43383909178732,56.497672172141606,57.10618209838867,14551255
2020-01-17,57.19979883756598,58.135965781363744,56.918949468665346,57.62107467651367,6414265
2020-01-20,57.62107671962045,57.76150319464669,56.07640335029977,56.40406036376953,8384043
2020-01-21,55.795548783156626,56.45086636229707,55.56150704569172,55.748741149902344,6250007
2020-01-22,56.07640426643158,56.17001953718275,55.1402372741452,55.3742790222168,8871316
2020-01-23,55.233850449411285,56.40405914537339,55.140235182211725,56.31044387817383,8476777
2020-01-24,56.170017813763366,57.99554410694939,55.935976072872684,57.293418884277344,6085340
2020-01-27,56.918951725913736,58.042352817260735,56.49767587025941,56.82533645629883,7343803
2020-01-28,56.825335158010006,57.85511738502103,56.40405931198057,56.87214279174805,7799785
2020-01-29,57.433845546417515,58.042355541051215,56.54448972975967,57.0125732421875,5292349
2020-01-30,56.778531113180435,57.62107928730231,55.233854103833025,56.450870513916016,15197956
2020-01-31,56.63810238568941,56.731717655370126,53.9232167106252,54.391300201416016,7977888
2020-02-03,51.58279938749252,52.7998193235901,51.161527101667275,51.39556884765625,5011428
2020-02-04,51.770030368779544,53.17428075981982,51.11471280538873,52.7998161315918,8418747
2020-02-05,53.267898657333234,53.68917091027284,52.56577347417608,53.54874801635742,4115182
2020-02-06,53.40832430708756,54.48491773862414,53.22109020101248,54.0168342590332,3658979
2020-02-07,53.73598496792718,54.484917822182545,53.689173762941465,54.29768371582031,3340932
2020-02-10,54.01683392475822,54.43810976802177,52.37854175632825,53.3147087097168,3640927
2020-02-11,53.361517957000395,54.15725846296944,53.22109148126768,53.970027923583984,3188511
2020-02-12,54.11045001676627,54.53172586645399,52.191308447292876,52.425350189208984,4132841
2020-02-13,52.28492592982116,52.37854477326846,51.25514365025696,51.77003479003906,6687073
2020-02-14,51.77003026493243,52.05087962833844,50.13173814533841,50.365779876708984,7158438
2020-02-17,50.45940040025617,50.50620803385771,48.21259827544724,48.44664001464844,5167878
2020-02-18,48.44664115345791,48.63387526345879,47.37004769934807,48.25940704345703,5096324
2020-02-19,48.68068405138542,49.0083410732538,47.55728293596086,48.072174072265625,7216081
2020-02-20,48.540258950493445,49.28919542949625,47.65090313126676,48.306217193603516,22312622
2020-02-24,48.21260327456272,49.28919681499653,47.6040932610664,48.540260314941406,8835835
2020-02-25,48.821105687398614,49.570038499663056,48.25940339980528,48.39982986450195,7099808
2020-02-26,47.83813281424053,47.884944021726554,45.68494940405166,46.1998405456543,22209900
2020-02-27,46.29346069423366,46.480694815873825,44.46793425783129,46.15303421020508,18385687
2020-02-28,44.655168816181856,45.45090937694229,43.110491761536466,43.71900177001953,24044762
2020-03-02,44.0934625056931,44.748780093688055,40.48922112851114,41.004112243652344,17866454
2020-03-03,41.519003766383996,42.174321360812186,40.629648000224584,41.56581497192383,11775256
2020-03-04,41.23815318880611,42.36155423638541,40.582835613452055,41.893470764160156,8268039
2020-03-05,41.612622444030215,42.87644642241935,41.09773132584181,41.42538833618164,11568670
2020-03-06,40.53603226991167,41.331776399614775,38.80412466788856,40.3019905090332,8034080
2020-03-09,39.36582227574688,39.55305639302956,35.948814812911465,37.21263885498047,12055075
2020-03-11,36.88498647868977,37.49349297258842,35.38711692276666,35.480735778808594,13031174
2020-03-12,33.70200926304962,38.710500877831024,31.689248948029018,37.77433395385742,41974955
2020-03-13,35.48072879121391,40.06794469803367,32.39137500293905,39.45943832397461,36149525
2020-03-16,38.19561126174143,38.80412121434598,37.119021400232626,37.86795425415039,11109146
2020-03-17,37.867953570457715,39.83390272289651,36.04242731679684,36.46370315551758,9356819
2020-03-18,37.0254026166551,37.399870829768616,32.48499428141988,32.859458923339844,12710992
2020-03-19,31.080747301785813,34.357332032400706,30.659471407896536,32.01691436767578,11396652
2020-03-20,32.15732854334914,35.106255427758,31.82967158783392,34.357322692871094,12777728
2020-03-23,32.15733555583401,32.765845544422206,29.20841159955226,30.799896240234375,7631822
2020-03-24,31.033938548518726,32.71903849238175,29.208412121336362,32.20414733886719,11652363
2020-03-25,32.110524874750574,33.37435236863676,31.829675510951454,32.76584243774414,5874349
2020-03-26,33.09349830042993,33.46796648680153,31.314783343148058,32.95307540893555,11152198
2020-03-27,33.5615884670806,34.497755549244005,31.127555481933335,31.782873153686523,9984277
2020-03-30,31.782872501670152,31.782872501670152,30.00415365357197,30.238195419311523,9090303
2020-03-31,30.70627654749364,31.45520942500448,30.378619529580664,30.753084182739258,7034191
2020-04-01,30.23819125584151,30.706274722870617,29.348833739844242,29.53606605529785,5645202
2020-04-03,29.72330284401184,29.863727539698818,28.038202924574332,28.225435256958008,10639666
2020-04-07,29.770110652243556,32.1105282125016,28.83394362814034,31.50202178955078,12216361
2020-04-08,31.502021297217674,34.12328820950114,30.846703676348373,33.37435531616211,13337227
2020-04-09,33.982863226692565,34.6381808764314,33.32754557695374,34.17009735107422,6744006
2020-04-13,34.310523723203815,34.54456548510508,32.76584666617788,33.6083984375,4971715
2020-04-15,34.26371470492771,35.10626653012844,32.34457284885284,32.81265640258789,8241923
2020-04-16,32.81264997591919,33.233925806008685,32.29775888189577,32.48499298095703,9452838
2020-04-17,33.32754492064666,33.98286255748056,31.876486734853327,32.20414733886719,11813368
2020-04-20,32.43818534089237,32.43818534089237,31.080742587028812,31.40839958190918,24632398
2020-04-21,30.79989601587479,31.03393776805866,30.09777075932318,30.378620147705078,11655125
2020-04-22,30.331811904907227,31.17436005320297,29.67649429765921,30.331811904907227,11600499
2020-04-23,30.519042519750446,31.267978970526922,30.33181197824999,30.612661361694336,8034445
2020-04-24,30.519041712739718,30.519041712739718,28.833941885438836,29.067983627319336,13995409
2020-04-27,29.489259476942948,29.957342960703947,28.78713425130145,29.067983627319336,10333713
2020-04-28,29.395645619599023,29.442455044423323,28.5530956143284,28.74032974243164,10619659
2020-04-29,29.11479377746582,29.489260216749624,29.021176721245663,29.11479377746582,14334699
2020-04-30,29.395643427180566,30.097770462402412,29.067984620236196,29.676494598388672,32595506
2020-05-04,29.48925845898019,29.48925845898019,28.085008056171606,28.178625106811523,15845975
2020-05-05,28.880749828189675,29.489257968840054,28.412666368366818,28.553091049194336,11702153
2020-05-06,28.787134038990942,28.787134038990942,27.008417170936873,27.148841857910156,31848464
2020-05-07,27.242458911091273,27.57011770442678,26.96160775154793,27.148841857910156,13470518
2020-05-08,27.897775812496803,27.897775812496803,25.885017124902028,26.68075942993164,20376200
2020-05-11,27.14884236510678,27.14884236510678,25.416933098489228,25.557357788085938,36502236
2020-05-12,25.510551231149904,26.774377062106065,25.276509476735686,26.587142944335938,27226330
2020-05-13,28.085010593653777,29.021177613442237,27.00841887801643,28.365859985351562,53613887
2020-05-14,29.021175952666642,31.080743992578473,28.553092469559118,28.92755889892578,69089712
2020-05-15,29.021174910978754,29.77010774282984,27.85096624521348,29.395641326904297,36969885
2020-05-18,29.910536734670902,30.050959643693776,28.31905210072215,29.302026748657227,33654540
2020-05-19,29.489260775167626,30.753084808483035,28.646710824425067,30.378620147705078,37940322
2020-05-20,31.9701017825501,32.39137404007072,30.706274296408054,31.12755012512207,91642146
2020-05-21,31.502020631443752,31.736062378865494,30.4722348000719,30.753084182739258,35022500
2020-05-22,30.425425776728876,31.923291463413516,29.863725251423762,31.59563446044922,40498597
2020-05-26,31.595634113658555,33.7020097212358,31.455207644676026,33.46796798706055,51052291
2020-05-27,33.7020097212358,34.123285556989934,33.093499783902764,33.46796798706055,41541291
2020-05-28,33.65520394041801,35.106262057906065,33.6083963052462,34.54456329345703,45712056
2020-05-29,33.88924288155871,34.77860216096185,33.32754059242303,34.21689987182617,149706283
2020-06-01,35.19987828043742,37.493488177836845,34.82541361773968,36.93178939819336,64630249
2020-06-02,38.80412201731065,40.20837248666186,38.00837794196212,39.83390426635742,75507939
2020-06-03,40.58283951008435,40.95730775229716,38.47646368282335,39.03816604614258,70317645
2020-06-04,38.47645899919957,40.44241167471662,37.7275261771331,39.78709411621094,81866339
2020-06-05,41.1445401794964,41.51900483509881,40.06794670585292,41.09773254394531,55224827
2020-06-08,42.03389633173789,42.03389633173789,39.599860185715,39.927520751953125,42629869
2020-06-09,40.255178975780105,40.910496557066395,39.506246127678715,40.02113723754883,34471524
2020-06-10,40.0211435615886,40.77007652803449,39.787101786374635,40.06795120239258,19799619
2020-06-11,40.0679415612449,40.0679415612449,38.38284189941181,38.57007598876953,23571379
2020-06-12,35.574347304852395,39.459441925833545,35.38711318374599,39.03816604614258,43584191
2020-06-15,39.038163844003385,40.25518020575253,38.89773736829657,39.6934814453125,32174670
2020-06-16,40.67645531037285,40.67645531037285,37.63391267659987,38.42965316772461,33914922
2020-06-17,38.28922913954805,39.506245443020646,37.5871039370223,38.616886138916016,30296333
2020-06-18,38.476459251942046,40.58283483663654,38.476459251942046,40.208370208740234,29310661
2020-06-19,40.676455069753125,41.14453854910312,40.06794511812072,40.442413330078125,28219723
2020-06-22,40.9104970565865,41.097731163696366,40.25517946729874,40.86368942260742,21166722
2020-06-23,40.91049610051476,42.0807047786119,40.16156326077128,41.61262130737305,36865827
2020-06-24,41.56581697811849,41.799858732339445,39.974332335177266,40.48922348022461,40591791
2020-06-25,40.39560848812967,41.7530478151027,40.34879728000471,41.191349029541016,35938924
2020-06-26,41.6126195603746,44.37431263897999,41.47219309642099,43.391334533691406,46055970
2020-06-29,43.48496049788718,44.23389342900725,41.61262638449005,41.987091064453125,29327965
2020-06-30,42.782835205363256,42.92325812115169,41.2849657719292,41.987091064453125,26717326
2020-07-01,42.12751300431169,43.71899754315772,41.23815368220418,43.15729522705078,28893548
2020-07-02,43.67219268330687,47.463668380259094,42.829640941231375,46.621116638183594,112201519
2020-07-03,47.22962424185353,47.93174946773482,46.19983843451149,46.7147331237793,62701725
2020-07-06,47.41686218634086,47.650903947238504,46.71473690364792,47.136009216308594,33194342
2020-07-07,47.13600435605919,47.9317484037774,46.80834735306513,47.604087829589844,25556054
2020-07-08,47.604088566368354,49.33599958795301,47.4636656648519,48.867916107177734,41927350
2020-07-09,49.1019579300474,49.80408315238975,48.774297350238164,49.148765563964844,26268273
2020-07-10,47.370044612568336,49.10195555322773,46.52749652925786,47.089195251464844,53816347
2020-07-13,47.650898677516025,47.83812920857319,46.01260653241155,46.480690002441406,23184293
2020-07-14,47.447021770345664,47.447021770345664,45.32108885095957,46.52900695800781,29076620
2020-07-15,46.867225643178976,47.350392917850925,45.2244561720396,45.56267547607422,18652944
2020-07-16,45.41772249507336,46.09415739714834,44.40307198509773,45.12782287597656,17980227
2020-07-17,45.610988365487145,47.93018891448062,45.610988365487145,47.640289306640625,31130208
2020-07-20,48.316730780283315,48.316730780283315,47.10881251077623,47.398712158203125,16776010
2020-07-21,47.83355944298078,47.83355944298078,46.91554089823448,47.205440521240234,11941105
2020-07-22,47.012173769715595,49.7179095674368,46.91553811027379,48.36503982543945,30638769
2020-07-23,48.31672668457031,48.65494229685282,47.88187540715444,48.31672668457031,18215827
2020-07-24,48.268411838663134,48.70326312638103,47.012177652357714,47.253761291503906,15734602
2020-07-27,47.15712601118668,48.70326352617856,46.09415946472724,47.833560943603516,26232020
2020-07-28,47.978509505708146,48.70326038231236,46.915539341591156,47.49534225463867,19972698
2020-07-29,47.591974651394175,48.65494113864176,47.54365866311449,48.07514190673828,18443993
2020-07-30,48.07514146963755,48.558308720588684,45.997520816038254,46.384056091308594,23600645
2020-07-31,46.432370771484685,47.350389259692605,45.9008875476612,47.060489654541016,19704630
2020-08-03,47.15712641619074,47.833561354417064,46.72227512116854,47.10881042480469,10560743
2020-08-04,47.543661481879056,48.75157969185427,47.44702581331674,48.02682876586914,25280637
2020-08-05,48.26841282336889,48.26841282336889,47.01217861143551,47.30207824707031,14901694
2020-08-06,47.35039174777532,48.41335825127713,46.86722448504292,47.7369270324707,22695057
2020-08-07,47.688609455311784,48.89652766528699,47.44702581331674,48.02682876586914,20079095
2020-08-10,48.12345736695273,50.152762028894294,48.12345736695273,49.71791076660156,27048138
2020-08-11,50.2010831741098,50.82919845193071,49.37969655288774,50.152767181396484,20281106
2020-08-12,50.152761330494684,51.79552700874321,49.47632645260048,51.16741180419922,26298038
2020-08-13,53.14839825549333,55.95076981983789,50.780877959584814,54.21136474609375,112756334
2020-08-14,54.54958417162489,55.27433505870687,52.66523112795703,53.10008239746094,39660917
2020-08-17,53.63156833198225,54.45295123733191,53.003449390521574,54.16305160522461,22574630
2020-08-18,54.30800304650037,54.50127069588767,53.14840083645032,53.776519775390625,24508088
2020-08-19,54.1147370768722,56.288989905853676,53.92146942148573,54.79117202758789,48760656
2020-08-20,54.25968656504519,60.20264184761387,54.11473490774708,59.332942962646484,117113064
2020-08-21,60.39590892042468,61.26561148338829,59.62284202349799,59.86442565917969,64263094
2020-08-24,60.25095940949797,60.589178723257525,58.125026288832764,58.84977722167969,36278735
2020-08-25,58.94640655517578,59.622841466014506,57.0620534772228,57.980072021484375,45582317
2020-08-26,58.269970886025874,61.12065846057211,57.98007126694587,60.54085922241211,73743638
2020-08-27,60.97570098405075,61.12065262288311,59.28461573361524,59.52619934082031,28622558
2020-08-28,60.00937402278022,60.154325679650334,58.26997257170774,59.13967514038086,21774977
2020-08-31,59.33294383654411,59.6711594601895,55.9507728549949,56.77215576171875,36839728
2020-09-01,57.5935382619417,58.41492484914195,56.24067209063498,57.49690628051758,43683296
2020-09-02,57.641856210338716,59.28462196292764,56.86878563703371,58.89809036254883,25823443
2020-09-03,58.898093042997914,59.52620830455161,57.883442477200504,58.65650939941406,23071103
2020-09-04,57.980073161876184,58.221656800050674,56.240671704274654,56.91710662841797,20139542
2020-09-07,56.96542343161923,57.40027472379281,54.21136770536912,55.46760559082031,26138463
2020-09-08,55.757503517595424,56.240670786055915,52.810183917241176,53.34166717529297,24213780
2020-09-09,52.23038226656597,54.25968705572199,50.73256443479349,53.776519775390625,36318169
2020-09-10,54.54958262717747,55.27433349373978,52.85849727186543,53.583248138427734,30550597
2020-09-11,53.14840248621377,55.22602333063897,52.9551348308273,54.79117202758789,22160341
2020-09-14,54.98443608625412,56.43393787742489,54.54958481164815,55.17770004272461,22921566
2020-09-15,55.51591704140954,56.772151137843274,55.17769775903699,55.805816650390625,18732445
2020-09-16,56.09571642214705,56.33730004471123,54.646214686761994,54.88779830932617,18216129
2020-09-17,55.41928827322431,56.19235890834964,54.452953665591636,54.8394889831543,27360333
2020-09-18,55.12938149289467,55.419281100408504,53.873147402819065,54.30799865722656,15697096
2020-09-21,54.163052296681926,54.308003957722974,50.73256528602457,51.21573257446289,27253422
2020-09-22,51.2157285044778,51.747211742269556,48.703260278767566,49.71791076660156,34523774
2020-09-23,50.49097918674081,52.37533225728061,49.62127663533054,51.65058135986328,24481334
2020-09-24,50.82919239944226,51.16741168070985,48.41335618870311,48.7515754699707,21625654
2020-09-25,49.33137759839638,51.60226598232086,48.9931619834352,51.31236267089844,24165575
2020-09-28,51.79552799629802,52.7618625013504,51.55394437003493,52.3270149230957,16189540
2020-09-29,52.665234193064975,52.81018585342699,51.4573159776277,52.133750915527344,18384412
2020-09-30,51.988797765494446,52.18206541168135,51.21573086702058,51.50563049316406,10804820
2020-10-01,51.69889810246662,52.810184302543156,51.69889810246662,52.61691665649414,13913795
2020-10-05,52.665232111407015,53.293351033116764,51.795529556158705,52.037113189697266,13583076
2020-10-06,52.27869644491546,52.906815362079755,51.98879682402181,52.761863708496094,10850162
2020-10-07,52.858499705893784,54.98443641629306,52.52028040749293,54.25968551635742,25064716
2020-10-08,54.16304598862533,54.59789723482999,51.94047745791349,53.14839553833008,16737366
2020-10-09,53.14839991842363,53.6315671904093,52.327017030557485,52.61691665649414,10432260
2020-10-12,52.616915336393916,53.1967145737207,50.82919426313464,51.070777893066406,12879607
2020-10-13,51.02246284014935,53.24503153903153,50.78087920578664,52.23038101196289,18622520
2020-10-14,52.08543030375038,52.18206227790375,50.49097692630502,51.16741180419922,15451124
2020-10-15,51.31236262239737,52.906816088618655,50.925831017989054,51.11909866333008,23963776
2020-10-16,51.74721200830012,52.7618625013504,50.53929387698465,52.3270149230957,24636965
2020-10-19,52.52028060714591,53.679882788705825,52.08543301455044,53.34166717529297,18875642
2020-10-20,53.148398203392546,54.259684367609296,52.713546935382794,52.90681457519531,17720431
2020-10-21,53.00344981887787,53.48661710505277,51.40899998626498,52.133750915527344,17054864
2020-10-22,52.0854309990486,53.7281966992267,51.650579737006446,53.24502944946289,15185237
2020-10-23,53.24503247318916,53.82483541759625,52.85850086319155,53.389984130859375,13365938
2020-10-26,53.776519430267804,53.8248354207361,51.16741539596817,52.08543395996094,20120597
2020-10-27,52.665234020144446,52.665234020144446,51.215732166379,51.94048309326172,13240998
2020-10-28,51.98879758709453,52.27869721224322,51.11909871164847,51.31236267089844,13646853
2020-10-29,50.82919463769154,51.3123619011155,49.911179786204954,50.34602737426758,15351350
2020-10-30,50.68424777162945,51.07077937900247,49.91118087060966,50.39434814453125,12994219
2020-11-02,50.635926459232444,51.11909368236911,50.24939120621376,50.87751007080078,9575485
2020-11-03,50.92582956210446,52.03711204006661,50.877513573718915,51.795528411865234,11671919
2020-11-04,51.45731450318578,52.13374942170306,50.5392959485033,51.50563049316406,13555398
2020-11-05,51.69890052633864,53.96978533663087,51.69890052633864,53.48661804199219,22517409
2020-11-06,53.486616689711724,54.83948655500553,52.66523378410223,52.85850143432617,21662709
2020-11-09,53.58324965551559,53.7281976211678,52.0854318928009,53.10008239746094,22041528
2020-11-10,53.631569781542986,55.17770365208691,53.14840248621377,54.79117202758789,23878927
2020-11-11,55.51592237744267,56.53057294953858,54.79117144219217,55.322654724121094,40249499
2020-11-12,55.46760018975225,55.46760018975225,53.34166361323737,53.72819519042969,19585504
2020-11-13,53.148400492258205,53.87315140806172,52.761865195986815,53.389984130859375,15417488
2020-11-14,54.11473750144628,54.30800515834909,53.67988619498344,54.06642150878906,2578865
2020-11-17,54.59789664281505,56.240665951623455,54.01809744501133,55.70918273925781,26801425
2020-11-18,55.90245168749063,59.187990599351906,55.75750371819524,58.559871673583984,54298315
2020-11-19,58.22165796090216,59.38126018451514,56.77215610295438,57.15869140625,28987133
2020-11-20,57.545221160605124,57.88344046160951,54.7911691941591,56.14403533935547,23428511
2020-11-23,56.86878204345703,57.738484540331235,55.854131587952764,56.86878204345703,24196085
2020-11-24,57.351952143608365,58.12502270668784,56.38561762603266,57.93175506591797,25057495
2020-11-25,58.41492254898658,61.748777384677624,58.17333891866511,59.42957305908203,75949155
2020-11-26,60.10600571330868,60.589172955881466,59.139671228163124,60.250953674316406,30119954
2020-11-27,60.87907744987317,63.05333021594007,60.34759417764492,62.71511459350586,56608140
2020-12-01,63.39154759402279,67.11193428893166,62.81174831485676,66.53213500976562,70704403
2020-12-02,67.16025131305311,67.30520297025265,64.45451162048663,65.66242980957031,46261091
2020-12-03,66.19392725534817,67.35352595167785,65.32422454682656,66.9186782836914,37361699
2020-12-04,69.28618156476934,71.12221861216857,67.01529693596773,69.23786926269531,97738908
2020-12-07,70.01093244880477,70.88063498415676,68.75470200667169,69.23786926269531,39355314
2020-12-08,70.54243024190268,70.6390622334778,67.88500992457072,69.57609558105469,43645664
2020-12-09,70.15589094717073,72.47509547694249,69.47945967173845,70.6873779296875,58476323
2020-12-10,70.54241633473812,70.97726389737186,68.60974739406036,70.2042007446289,29242808
2020-12-11,70.30083956348128,71.6053897509745,69.72104029932292,70.34915924072266,36847385
2020-12-14,70.9772720336914,71.60539098592406,70.34916045400652,70.9772720336914,20767955
2020-12-15,70.92895547794153,72.95825650216786,70.05925293254529,72.62004089355469,38943070
2020-12-16,72.95826105112516,73.87627595639172,72.13687812969489,73.58638000488281,36595158
2020-12-17,73.68300437655365,74.11785194516696,72.13687067725996,72.66835021972656,28073186
2020-12-18,72.47509185870904,73.87627401895837,71.1705416797618,73.48974609375,49891456
2020-12-21,73.29648165099404,73.29648165099404,64.16462216710617,66.72541046142578,51731072
2020-12-22,66.67708133126064,69.47945289070712,64.45450900453305,69.23786926269531,46224467
2020-12-23,69.57608121585486,71.94359769709784,69.0929139851892,71.65370178222656,30689573
2020-12-24,72.08855244697887,73.05488694994789,71.75033684544916,71.9919204711914,23223241
2020-12-28,72.7166714778632,75.3257716915052,72.57171982765037,74.60102081298828,35601036
2020-12-29,75.37409785278648,76.1471684720906,73.68301232403806,73.97291564941406,28745694
2020-12-30,74.35944014244376,74.35944014244376,72.66835469202063,73.24816131591797,17918812
2020-12-31,73.29647441090617,73.92459334521159,72.8616268108357,73.10321044921875,15495713
2021-01-01,73.44142908277908,75.13251462086939,73.24816511315933,74.74597930908203,19041567
2021-01-04,75.42240992239134,76.9685436324738,74.89092300366904,76.5820083618164,23712305
2021-01-05,75.37408993735059,79.43269183111218,75.27745796322237,78.41804504394531,46181972
2021-01-06,79.23943826186378,80.68894018128812,78.03151999567683,79.67428588867188,46157617
2021-01-07,80.35072805201168,80.83389537959738,78.75627439646921,79.09449005126953,35219703
2021-01-08,81.51031987869972,81.75190352230733,79.81923437344642,80.25408935546875,41178215
2021-01-11,80.78555477244423,81.1237703396387,79.38437283440439,80.49565887451172,25575169
2021-01-12,80.20576072907396,84.36100188453872,79.86754514026796,83.15308380126953,43670529
2021-01-13,83.97447788341705,84.69922883055952,80.93052243090911,82.95982360839844,37272052
2021-01-14,83.20140918683066,84.21606348537841,82.04181059353155,83.05645751953125,20620191
2021-01-15,83.49130474984275,85.03743852117279,81.51031601709195,82.669921875,35416980
2021-01-18,82.95981388112958,82.95981388112958,78.2730931136489,79.3360595703125,31480725
2021-01-19,79.9641830084453,82.81486694613224,79.81923135325586,82.52497100830078,25469132
2021-01-20,82.71823070847081,83.53961354886249,81.3170486497172,81.9451675415039,19476831
2021-01-21,82.62160105877612,82.81486501281869,79.43269420924305,80.20576477050781,16889392
2021-01-22,80.10912991036729,80.30239385745429,75.32576980822031,76.72695922851562,42934185
2021-01-25,81.17209719107355,81.17209719107355,75.374090248854,76.5820083618164,55671719
2021-01-27,76.96855473632455,77.11350640530087,73.10321621721268,73.39311218261719,47062543
2021-01-28,72.47509339081668,75.27746514310448,71.94360642359827,74.50439453125,40097316
2021-01-29,75.90557299379026,75.95388529212399,72.47508279258905,72.86161804199219,28386915
2021-02-01,73.8279652960933,78.46636697653837,71.99192807209405,77.21013641357422,45909331
2021-02-02,78.75625968561235,81.2687278452452,76.96854238198208,80.78556060791016,47955673
2021-02-03,81.31705177197432,82.6216019065151,79.4810146995423,81.36536407470703,41816643
2021-02-04,82.0901225834738,87.45328264497489,81.606955276043,86.58358001708984,94513383
2021-02-05,88.37128103406808,88.56455234438248,82.13842688422496,84.50594329833984,98504307
2021-02-08,85.03743896484374,88.56456148732686,84.55427169799805,86.97010803222656,70145365
2021-02-09,87.11506834223397,87.40496430761598,83.53962578880403,84.216064453125,37086127
2021-02-10,85.0857590467109,86.92178877145109,83.44298590806517,85.13407135009766,57056934
2021-02-11,85.713864743729,86.14871967979083,84.55426632599132,84.84416961669922,18482937
2021-02-12,85.037438914595,85.5206061811552,83.10476984835421,84.36100769042969,18854969
2021-02-15,85.03744211295692,85.90714469998534,83.44298859882944,83.78120422363281,28371641
2021-02-16,84.45763343894194,87.93643602704077,83.68456292045471,87.21168518066406,45833754
2021-02-17,87.83981708267662,89.33763129713088,86.77685049152082,88.0330810546875,66947755
2021-02-18,88.66119386668784,90.88376625323687,87.16337238368122,89.96574401855469,48616071
2021-02-19,90.2556535955525,91.65683582400132,86.34199549567438,88.0330810546875,69544392
2021-02-22,87.88812484071656,89.38594635019837,86.00377540721789,87.06674194335938,38203233
2021-02-23,87.6465305625466,90.25563796822703,86.77683546653313,88.95108795166016,43925417
2021-02-24,89.72416030612706,91.31861376704526,88.9510970998816,90.8837661743164,27561130
2021-02-25,91.70514570503413,94.36256558526534,91.17365877996902,92.76811218261719,70938332
2021-02-26,91.60851595799838,93.15464972414678,89.86911086323931,91.94673156738281,50696555
2021-03-01,93.34791859593338,96.15029034170881,92.33327171434851,94.60415649414062,62133610
2021-03-02,96.63345643509217,97.40652703559196,94.70078730639032,96.97167205810547,67108317
2021-03-03,101.07858430467614,101.94828680405423,99.04928338782521,101.70670318603516,85272517
2021-03-04,100.30553619342439,110.16214633778603,99.29088189655714,105.62037658691406,147425687
2021-03-05,106.97323467680995,106.97323467680995,100.49879596283849,103.73601531982422,75015270
2021-03-08,105.23383252466814,108.08451645900976,104.55739392542701,105.3787841796875,57273663
2021-03-09,106.29679243141246,106.92491131574383,101.17521675615288,103.39778900146484,51804429
2021-03-10,105.42710082881429,105.5720524898087,102.23820114967594,103.73601531982422,43852673
2021-03-12,104.75067186418605,110.64531143558999,103.39780195290942,109.43739318847656,162828658
2021-03-15,110.16213328124417,110.30708493112365,104.36412626644184,107.79461669921875,101454870
2021-03-16,108.22946159284793,108.519364885419,105.42709013066658,106.00688934326172,50275101
2021-03-17,105.52372485132705,106.77996265511193,98.95265464992538,99.82235717773438,64241698
2021-03-18,101.07859030092001,103.01125935972364,92.7681148225739,97.1649398803711,102669579
2021-03-19,96.63345554282647,101.22354468111072,93.05802063676092,100.64374542236328,118996777
2021-03-22,101.36850055300982,102.91463443146117,100.30553397235877,101.22354888916016,74913152
2021-03-23,101.4168089923586,102.38314355111399,100.49879411056003,101.03028106689453,41887531
2021-03-24,99.5324550298997,102.04492329400907,97.45483434845544,97.84136962890625,49603176
2021-03-25,98.37285845308374,98.7593863684213,93.34791445567379,95.32890319824219,78179436
2021-03-26,97.55146418101157,100.83700293379839,96.63344936109995,99.96730041503906,78988471
2021-03-30,101.80334439062001,101.80334439062001,99.3391956868958,100.11225891113281,47450305
2021-03-31,100.16057550867615,102.28650852565012,99.38750493565978,99.77404022216797,35702981
2021-04-01,100.40216438056146,101.94829823473027,100.06394875192261,101.5134506225586,34637782
2021-04-05,101.46512761315995,101.94829488750833,97.06830246757067,99.87067413330078,48340372
2021-04-06,100.30552910837002,103.73601233287327,99.0009715695312,101.17522430419922,56713336
2021-04-07,100.83700754709459,102.09324539528065,100.01562466445637,100.93363952636719,36218955
2021-04-08,101.46512875903078,103.15621423834796,101.17522544212879,101.41680908203125,36910799
2021-04-09,101.80333897275192,102.62472183028018,99.53245435280418,100.59542083740234,35350727
2021-04-12,97.59977709258494,97.59977709258494,86.87346643117651,89.09603118896484,125893617
2021-04-13,89.19267822868973,93.05801626897882,88.46792734613553,92.62316131591797,76861733
2021-04-15,91.51187966867603,93.44454878415004,90.15901718588228,90.98040008544922,38846301
2021-04-16,91.80177396181534,94.65245767792665,90.88375917121593,93.87939453125,49515934
2021-04-19,89.28931158693811,91.75346020222673,88.70951234643181,90.64218139648438,43657515
2021-04-20,92.76811017367551,92.76811017367551,89.28930751667208,90.44890594482422,35631799
2021-04-22,90.83545035202877,91.80178493024184,89.28931650139741,91.07703399658203,34186730
2021-04-23,91.02871911664904,93.63782703887543,90.40060750574186,92.4299087524414,40943046
2021-04-26,92.47820732659484,93.87939675429902,92.28494337848593,93.05801391601562,24546834
2021-04-27,93.68612858283271,95.13563036001453,93.15464902139442,94.7007827758789,26892254
2021-04-28,95.28058474964655,95.81207169890172,94.36256988007581,94.6524658203125,32345591
2021-04-29,95.5704899221688,96.82672043273482,94.16930037984238,94.3625717163086,39809692
2021-04-30,93.68613385818307,97.98632712948941,93.00970260642812,95.52217102050781,40125740
2021-05-03,94.65246539892634,97.01998944933042,93.10633160690482,96.4885025024414,37404501
2021-05-04,97.2132544640736,99.91899415889812,96.63345520733908,97.64810943603516,55562146
2021-05-05,98.95265925637224,99.48413883460178,96.87503850226308,98.56612396240234,25421812
2021-05-06,99.09760593268298,101.12690690835097,98.17958373407443,99.43582153320312,35150275
2021-05-07,100.35383218492426,100.45046415640375,98.80769852361182,99.24254608154297,28791094
2021-05-10,100.25721043723406,106.77996870664447,99.72572348107788,106.24848175048828,70028129
2021-05-11,105.33047028118801,107.40809112362928,103.49443308618068,105.66868591308594,64737614
2021-05-12,106.63501552880601,106.82828686126665,101.61007884558902,103.01126098632812,61946163
2021-05-14,102.76966739022471,104.36412070889779,97.5997795518396,98.08294677734375,66640242
2021-05-17,99.04928559512746,100.7886906326461,98.22790275006753,99.96730041503906,40412520
2021-05-18,101.46512150001068,103.73600607812055,101.1269059028534,101.80333709716797,40666745
2021-05-19,101.51344225372745,103.39779158118817,100.40215610334543,100.74037170410156,31394002
2021-05-20,101.65839121567603,101.89997485199898,99.00097121612365,99.48413848876953,19494462
2021-05-21,100.35384548943875,102.43146632815139,99.82236588956665,101.36849975585938,27004076
2021-05-24,102.04492523424376,104.31580991281733,100.98195872220373,103.68769836425781,41530007
2021-05-25,104.65403184457936,105.66867867073091,103.05957840628713,103.8326416015625,35294915
2021-05-26,104.36412849913988,104.65403180510087,102.2381954972504,102.52809143066406,26772472
2021-05-27,102.52809257501465,103.39779513005733,101.36849408332269,102.7696762084961,21200089
2021-05-28,103.59105443003969,103.8809577262014,101.5617534745489,101.80333709716797,19973552
2021-05-31,101.75503128277784,103.34947739566765,100.30552945466161,102.8663101196289,29739476
2021-06-01,102.81799273114324,102.81799273114324,100.20888514602741,101.12690734863281,25038000
2021-06-02,100.98195916361226,104.75066533418001,100.83700750848516,104.46076202392578,31238619
2021-06-03,106.29679868082047,106.77996594755147,104.26749763505974,104.99224853515625,38360946
2021-06-04,105.42709381715599,105.42709381715599,103.39779281584053,104.50907897949219,19048139
2021-06-07,105.33046566365199,111.12847294788972,104.65403442950993,109.53401947021484,95358858
2021-06-08,110.54867841825177,115.18708002033463,110.16214310827458,113.10946655273438,93023993
2021-06-09,116.68489196281703,128.23258639645374,114.99380657205157,120.45359802246094,360661838
2021-06-10,123.69081077086364,126.01000757477986,120.8884393648269,123.30427551269531,140351463
2021-06-11,124.41557751543935,124.41557751543935,120.0670718935405,121.46825408935547,62530141
2021-06-14,121.9997258765998,121.9997258765998,112.67459684003745,119.24567413330078,86326236
2021-06-15,120.79181746666004,121.37161671599051,117.60291053652124,118.03776550292969,45450324
2021-06-16,117.89281278913104,123.59418799688538,116.10509538118238,121.70983123779297,84445896
2021-06-17,121.2695541381836,124.1557642926299,119.65524168087116,121.2695541381836,73801920
2021-06-18,121.66091224162454,122.00334194944325,114.42093679108038,118.82362365722656,73972898
2021-06-21,115.64389622752465,121.3184729479497,115.39930253206508,120.63361358642578,44593802
2021-06-22,121.51415451987145,122.39469338598225,118.28552196334226,118.82362365722656,44246677
2021-06-23,119.85091941944067,120.53577883036009,117.94309144301675,118.13876342773438,29338636
2021-06-24,118.13876759888218,118.82362703398206,115.64390865140346,116.27985382080078,28009357
2021-06-25,117.30714670130358,119.94875582615548,116.96471699466096,118.48119354248047,25945027
2021-06-28,119.36173215328715,120.82929443386034,118.18768531459169,119.89984130859375,27616278
2021-06-29,120.29118232079387,122.05225999994285,119.11713551096626,120.1444320678711,30981874
2021-06-30,120.73145446266243,121.22064187339898,119.06821278751364,119.45956420898438,30099781
2021-07-01,120.14443228598314,120.14443228598314,118.38335460363707,118.72578430175781,18570986
2021-07-02,119.3617310822235,119.9487544963037,117.9920048064312,118.33443450927734,22789936
2021-07-05,119.31281343337236,124.15577356002632,119.1171414434584,123.17739868164062,61606669
2021-07-06,123.27523543195026,123.76442287414054,119.41065762441026,120.3401107788086,31062811
2021-07-07,120.34010529119,121.80766755083866,119.50848817027062,121.17172241210938,19773453
2021-07-08,121.41631232253602,124.10684304769636,119.75307813274533,120.73145294189453,33870196
2021-07-09,120.34011032429679,122.10118809529358,119.06821999364266,121.75875091552734,24078290
2021-07-12,123.27522429987981,123.56873972445197,120.78036558423837,121.122802734375,26731429
2021-07-13,121.5141513765961,122.54144793788635,120.29118283430184,121.36740112304688,19316578
2021-07-14,122.29686362367258,123.27523853266196,121.4163247127005,121.85659790039062,23276074
2021-07-15,122.15010236068308,123.76442240669547,121.46524292996652,121.75875091552734,22522585
2021-07-16,122.68821676090079,122.68821676090079,120.97606064671392,121.46524810791016,13479996
2021-07-19,123.51983268034694,125.67225450168674,121.90551258213799,123.0795669555664,65614163
2021-07-20,122.93280313426621,123.61766255319046,118.57903051153745,119.16606140136719,48822351
2021-07-22,120.73145540880867,121.51415079347646,119.75308057966825,121.02496337890625,20890960
2021-07-23,122.1990211374238,122.7371228301522,119.94875598046414,120.24227142333984,18344408
2021-07-26,120.34010478407227,121.07388591080442,119.45956593911217,119.9487533569336,14838935
2021-07-27,120.1444331972078,121.07388630835739,117.60065264465761,118.53011322021484,16292819
2021-07-28,118.82362449501836,119.21497593431667,115.83958563223547,117.7474136352539,19451371
2021-07-29,118.13876269742573,121.31848094808109,118.08984096934488,120.09551239013672,16366211
2021-07-30,119.94875854129809,123.91117978267651,119.65525055656396,122.29685974121094,30163350
2021-08-02,123.81335157941065,131.1022418929177,122.83497663991126,130.5641326904297,102355625
2021-08-03,131.49357624653078,132.56979457252032,129.34115452336738,129.73251342773438,50457587
2021-08-04,130.12385153411978,131.73816402147568,127.28657051730785,128.80303955078125,33758053
2021-08-05,129.2922415431506,132.4719600783205,126.797397404763,131.64035034179688,39952286
2021-08-06,132.3251994142612,133.84168342843174,131.3957462858391,132.22735595703125,47743493
2021-08-09,134.0373493086284,134.0373493086284,127.48224105083071,129.19439697265625,66874756
2021-08-10,129.58575714126766,130.85764754239636,124.3025384643537,127.23766326904297,31526384
2021-08-11,127.48224557671476,128.80304266315372,123.7644181715686,126.7973861694336,32222624
2021-08-12,127.43332753731467,131.2979053098808,127.04198355863045,130.75979614257812,31898731
2021-08-13,131.4446560594695,131.59140630315179,129.14546938301885,129.68357849121094,23715152
2021-08-16,129.68358232326122,131.1511445187063,128.80303604870537,129.24331665039062,17472608
2021-08-17,129.24331312476653,130.07492272221117,125.7211579802532,128.2649383544922,21755033
2021-08-18,128.8519663806234,128.94980983838076,127.28657555821484,127.62899780273438,18082061
2021-08-20,126.21035401963306,127.3844008387038,122.54144837952744,123.47090148925781,27402061
2021-08-23,124.35143981854152,125.08522094351058,119.06821422588278,122.24793243408203,30434681
2021-08-24,122.29685979821191,123.86225811074743,120.97605520527281,123.17739868164062,22809811
2021-08-25,123.66657978245179,124.74279060063458,122.78604094415404,123.32415008544922,18144345
2021-08-26,123.71550336527498,123.86226109344848,121.8565970231046,122.93280792236328,16968193
2021-08-27,122.932801198282,124.84062916696006,122.49252803784324,124.49819946289062,12708091
2021-08-30,125.62332032886201,127.28656945813404,125.23197637421855,126.35710144042969,17545528
2021-08-31,127.48223820262157,127.8735821473409,125.47656689610224,126.25926971435547,24301446
2021-09-01,126.89522866531313,131.3468376958907,125.91685371040892,130.5152130126953,31166001
2021-09-02,130.95548544697132,131.8849386098945,129.7325168302787,130.7108917236328,25276744
2021-09-03,131.15114683059463,132.52086559896244,130.36844399346376,130.95547485351562,19000628
2021-09-06,131.49356224097642,131.6892491367249,129.14546878013596,129.3411407470703,14304796
2021-09-07,129.5368354087595,129.68360060628402,126.45496033536247,127.23766326904297,14561241
2021-09-08,127.77578145009772,130.61306298919735,126.69956297453976,130.36846923828125,16351745
2021-09-09,130.31953819538072,131.39575659407902,128.90089752714513,129.8792724609375,14453584
2021-09-13,129.87925282700937,129.87925282700937,127.58006610864008,128.2160186767578,13771980
2021-09-14,128.6563083964183,130.41738632601104,128.46063638842296,130.12387084960938,13305823
2021-09-15,130.22169099286472,139.2227361077503,129.92817556903717,137.02139282226562,68917060
2021-09-16,136.97247782280527,138.9292275059882,135.50491556041806,137.21707153320312,24490647
2021-09-17,137.80411034806605,138.44004806020837,133.15682958279405,134.9178924560547,27560843
2021-09-20,134.62439210636623,136.33654818002879,130.31953359243917,131.395751953125,21535092
2021-09-21,131.83601312177174,133.35249714900982,128.3627793635983,132.9122314453125,22526116
2021-09-22,133.98844165610515,136.63005094148494,133.45033246696084,134.86898803710938,21321952
2021-09-23,136.18976847336404,141.76650181890156,135.7495028013927,140.5435333251953,42890085
2021-09-24,141.86433927910508,142.2067764144078,135.70057534535357,136.09193420410156,29040576
2021-09-27,137.2659957363262,137.36382426496024,133.79276200028153,135.74951171875,18192368
2021-09-28,136.97247109682527,139.76084522996504,136.04301802871686,137.02139282226562,29196888
2021-09-29,136.77681327091133,155.31701454053834,135.89626690835246,148.32164001464844,126746990
2021-09-30,149.2021587702233,157.7140166454501,148.02811198205666,155.31700134277344,111302311
2021-10-01,155.31701823227277,161.38293973810062,153.21351813010244,160.20889282226562,90310679
2021-10-04,162.65482308041092,168.7696660533587,160.4534796101497,164.95401000976562,93787605
2021-10-05,165.34535403879065,180.75475833530518,164.70941634093703,175.52044677734375,161189379
2021-10-06,178.89584539963067,178.89584539963067,169.06317527548944,172.14505004882812,101232618
2021-10-07,174.4931434953216,180.02095488858123,173.02558136307772,173.90611267089844,73313810
2021-10-08,176.2542294229614,176.3031511529362,171.21560474069034,173.02560424804688,43365657
2021-10-11,174.0039694519451,189.5112015470296,173.1723448750867,187.35877990722656,126307288
2021-10-12,190.6852495886386,194.403076951665,185.69554688170592,191.5657958984375,104950239
2021-10-13,197.28928289947382,227.37430959316708,195.67497036548477,219.3516387939453,305037222
2021-10-14,229.9180813492224,231.87483097772642,215.92731851965567,217.78623962402344,126938132
2021-10-18,222.58028092303758,259.12258796039,218.2754375052831,251.73583984375,273591610
2021-10-19,260.24772130989015,262.05772083188015,216.7100386095514,224.78163146972656,245771135
2021-10-20,220.13434093227852,231.18997970708494,212.79652956786924,225.36865234375,219286012
2021-10-21,228.93972457665714,229.331068561672,215.78058527371934,221.2594757080078,82393222
2021-10-22,223.55863962946714,228.74402900488508,211.32895474820523,217.19920349121094,85764004
2021-10-25,219.74300443778952,220.03650495929543,203.50197542734966,208.9808807373047,92057542
2021-10-26,210.39951424397924,227.2764803876864,209.6168113790877,220.4278564453125,113036438
2021-10-27,226.49377608113198,227.6678229065886,217.88407447975786,219.4005584716797,78577000
2021-10-28,219.93867290091868,219.93867290091868,211.91600198408273,213.2857208251953,64733467
2021-10-29,205.9479134158077,212.99220960626215,197.04469598545066,209.66574096679688,115032835
2021-11-01,215.193537663152,220.33000544404223,209.7635544518765,218.128662109375,59687720
2021-11-02,223.06946735674236,229.91809135453707,222.3356862141215,223.55865478515625,91597155
2021-11-03,225.02621970775283,225.90675111769167,221.3083922224703,223.8521728515625,49974804
2021-11-04,226.78729634245522,228.10809345087566,225.61324949203185,226.34703063964844,14860447
2021-11-08,227.96134494367453,230.5540323803059,223.80325174191222,229.4778289794922,53880144
2021-11-09,229.91808856002066,242.58803981618212,229.57565139276682,236.6688690185547,103894620
2021-11-10,236.17969092840275,236.17969092840275,231.1899879793558,231.87484741210938,47845906
2021-11-11,232.36402525518932,236.08185264503544,230.4561972967519,234.56536865234375,50433666
2021-11-12,236.7667233079349,237.15806729228936,230.89647396972163,234.66322326660156,42038250
2021-11-15,236.6199575380509,238.72345744152187,234.12509874705884,236.4242706298828,32578602
2021-11-16,236.91345965706864,242.29452123442678,236.2775219876342,239.212646484375,47776299
2021-11-17,239.21264673991294,247.03964540624955,237.7450844899748,244.49586486816406,58883464
2021-11-18,244.98506054610922,246.59938803276808,227.42323468206584,231.97268676757812,82052417
2021-11-22,233.24456548538808,233.24456548538808,219.15597318099344,222.72703552246094,62459802
2021-11-23,219.10705413504266,232.85322435700735,217.39489807359408,231.825927734375,61158286
2021-11-24,234.80996747201047,241.3650760781743,232.16835832371348,233.39132690429688,67847218
2021-11-25,234.27186140696688,239.11481406431923,228.93972131091598,237.54942321777344,51777691
2021-11-26,232.85321911110424,235.10348429836125,220.86812695097387,222.43353271484375,80108784
2021-11-29,221.11272271098267,221.84650387042177,208.63844300051795,213.92166137695312,83187881
2021-11-30,217.1502881664269,223.3140525140227,208.49167997256976,212.11166381835938,222571262
2021-12-01,215.24247076657866,222.38461028232373,210.3505964309746,220.33001708984375,67127202
2021-12-02,225.46649547588925,225.46649547588925,216.41652754024034,221.5040740966797,78572738
2021-12-03,221.89542135861623,223.362983649442,219.49840593603062,220.72137451171875,48145736
2021-12-06,220.72137732656893,221.6997521995966,215.34031552491675,216.0740966796875,34399066
2021-12-07,219.15597824808884,222.82488413393855,217.93300961947227,221.55299377441406,36287629
2021-12-08,223.0694748515328,225.80892752845517,222.0910999618331,224.43919372558594,30348053
2021-12-09,224.9283769312047,225.90675180246495,221.89542378758742,222.7759552001953,23516676
2021-12-10,221.50406748267798,224.92837957229685,220.52569259992973,223.06947326660156,26363105
2021-12-13,225.12406272984774,231.38565590327258,224.04784440528297,225.27081298828125,40382575
2021-12-14,225.02622439872678,225.02622439872678,220.62353739962126,224.09677124023438,24698002
2021-12-15,224.0478393327573,227.37430783167383,222.14001137223707,222.92271423339844,20127541
2021-12-16,224.83053408378106,225.07512778601998,214.41083341111403,217.1013641357422,40645402
2021-12-17,217.8840814398852,217.8840814398852,209.37222302240122,211.13330078125,38813929
2021-12-20,205.9479048464569,207.36654538576443,198.4144215266726,204.57818603515625,47944121
2021-12-21,208.39384527112182,211.57356356751217,205.31197043230048,207.317626953125,33006180
2021-12-22,209.86140879359814,213.97058024575162,208.68736193995656,213.2857208251953,21655596
2021-12-23,215.24246848785438,216.46543705880808,212.7476096173457,213.3346405029297,16940883
2021-12-24,214.3130071618711,214.70435111808052,209.51896158982325,212.11166381835938,18770416
2021-12-27,211.91599913367935,213.04112424311563,209.17654655948584,212.6497802734375,15870056
2021-12-28,213.97056545506842,217.39487724996056,213.77489348112326,216.807861328125,19058757
2021-12-29,216.22084498718004,218.42218843161965,214.11734500068624,214.70436096191406,14504319
2021-12-30,213.970580816119,216.22084600007295,212.3562682541606,213.62815856933594,14315067
2021-12-31,214.16624934203037,217.19921735774125,213.62815511595323,216.1719207763672,12737974
2022-01-03,216.41651748840408,219.05812664224425,211.32897116826456,218.56893920898438,19062825
2022-01-04,219.44948501292592,223.31406274052566,216.22084497549255,221.40623474121094,32469988
2022-01-05,221.50405965259995,221.65082483711367,218.1775911403716,218.66677856445312,17271276
2022-01-06,216.66111104678586,224.8305471477851,214.753283044229,223.50973510742188,27537005
2022-01-07,225.31973858906602,227.81459752701517,222.18894194855667,224.83055114746094,34595209
2022-01-10,225.95566993243108,228.40160707161914,225.4175607760466,226.73837280273438,22061859
2022-01-11,227.96133013171521,231.58131393345158,226.78728334855947,228.05917358398438,25489182
2022-01-12,229.8202529446125,234.46753361660762,229.42890896481293,232.60862731933594,32665403
2022-01-13,233.8315817243128,241.36506484431217,231.38564467698734,239.99534606933594,50250827
2022-01-14,238.4299477203555,243.1261499814135,237.25590088729487,239.11480712890625,36940487
2022-01-17,240.5823610252132,243.85992262682893,239.7018296632822,242.49020385742188,25339181
2022-01-18,244.5937237430453,245.18075465155508,232.65755301014792,233.929443359375,30408196
2022-01-19,233.83159823196996,244.3002065478054,230.94539529813352,243.12615966796875,36751594
2022-01-20,244.59373081912176,246.69723093263957,239.84860646970415,243.27291870117188,35990609
2022-01-21,240.48453778819498,245.37641197050647,233.39132022384337,236.71778869628906,35507032
2022-01-24,237.2559042472611,238.57671628366901,221.69974989907004,224.58595275878906,43279408
2022-01-25,221.35731751258484,235.64159679100067,218.1775991394759,233.63592529296875,39449718
2022-01-27,230.40726660177435,237.10913998825635,227.47214218646513,235.83724975585938,35920383
2022-01-28,239.40832232323754,244.5937120034743,237.5983378117011,238.7723846435547,34523855
2022-01-31,242.58804752830082,244.1534533014908,239.99536007832174,240.72914123535156,24939671
2022-02-01,244.10452328270685,250.8553037266143,239.50616450723257,244.44696044921875,74185275
2022-02-02,246.45263104064438,249.48559919850564,243.85994353030404,245.18075561523438,25162901
2022-02-03,245.13181499845186,248.8985491114037,243.90884646915285,247.382080078125,27724870
2022-02-04,248.31154598495172,252.32287401070664,247.52884310005794,248.8496551513672,39309420
2022-02-07,249.97478142754514,251.14884322466068,245.13182876529913,246.35479736328125,32770930
2022-02-08,247.03965774442813,248.11587608632627,227.5700035610471,229.77134704589844,82053977
2022-02-09,231.58133535493192,233.73375714462088,227.57000723069714,232.8532257080078,35604075
2022-02-10,233.34239565008795,239.21264459725998,229.03755239368783,236.08184814453125,55153254
2022-02-11,234.80997290267683,236.81564440698375,225.22189602338767,227.2764892578125,36050888
2022-02-14,221.11272072305485,221.94434533446875,211.3289720184949,215.73165893554688,38301829
2022-02-15,217.93299522156173,226.73836876586725,214.0684175962129,225.4175567626953,36314556
2022-02-16,228.35268716674784,231.77699918895846,225.12406206028749,226.34703063964844,35144286
2022-02-17,228.30378007806806,228.79296750919414,222.09109373124056,222.8248748779297,23381354
2022-02-18,222.0911021692016,225.02622686747299,219.7919151840292,220.86813354492188,18717812
2022-02-21,219.15596354166667,222.72702572606502,217.4438075764974,220.13433837890625,24657963
2022-02-22,213.2857071779018,219.98758055387094,212.60084780116688,217.83514404296875,29360421
2022-02-23,221.11272154647966,221.8954244315224,215.58490947934402,216.41651916503906,23583042
2022-02-24,208.39384689153525,211.4757217543204,198.85469192819033,199.88198852539062,60097152
2022-02-25,205.4587138782848,216.51435242035552,205.0184481914515,215.24246215820312,52157687
2022-02-28,212.79653323464092,219.49840703447657,209.47006466364866,218.2265167236328,35508015
2022-03-02,215.24247732878302,222.33569533166337,213.67707152213814,220.52569580078125,28297089
2022-03-03,224.047846537797,225.56433058091207,221.01487845156686,221.6997528076172,22429798
2022-03-04,220.13435141739302,221.552992029653,216.02517984336492,216.66111755371094,22427429
2022-03-07,212.3073458225324,214.94895497373162,207.66006521120968,211.52464294433594,23498823
2022-03-08,210.3505985015526,222.87379990973378,209.9592545223784,222.04217529296875,41105290
2022-03-09,224.14568443619316,226.2002626669257,221.40623186640096,224.2924346923828,25437632
2022-03-10,229.9181005438896,230.74972517695778,224.92838260311277,227.22756958007812,25462569
2022-03-11,226.88510950639068,229.18429625140988,225.31971878810955,228.1080780029297,18163055
2022-03-14,228.05917805883544,229.5756470970589,225.56431926516748,226.54269409179688,12074559
2022-03-15,226.93404573137798,228.2548577635558,220.42785888562037,222.48243713378906,16150855
2022-03-16,225.02621075298038,226.68944497713068,224.09675765085066,225.4664764404297,12428032
2022-03-17,228.54837225725976,228.89079449945677,226.2981071034436,226.73837280273438,16453329
2022-03-21,227.91241245413693,228.35267813953922,222.4335223924801,223.02053833007812,12356508
2022-03-22,224.14568483928974,226.88512248519297,221.406232264571,226.39593505859375,14893566
2022-03-23,227.32540261700225,232.31510540015597,226.6405282782028,229.2332305908203,29507641
2022-03-24,228.9397236419869,235.78834785349932,227.91242702449682,234.32078552246094,31525902
2022-03-25,234.80995584908854,239.01697054381435,234.02725301049526,236.13076782226562,24286187
2022-03-28,237.30482775933635,238.72346833540243,232.31510994965205,234.4186248779297,14835527
2022-03-29,238.3321303867498,239.60400580716072,233.34241245086523,233.929443359375,20061075
2022-03-30,235.73940919479125,239.60398673657832,232.60861276583012,236.4731903076172,22893839
2022-03-31,237.64724409602428,237.64724409602428,232.51077615508297,233.48915100097656,13956014
2022-04-01,232.51077825004646,241.0226514290664,231.97268402300898,240.14210510253906,25666798
2022-04-04,241.80533885924478,248.06694687345066,240.7780572070218,246.5015411376953,39380622
2022-04-05,248.36044742791475,269.29766204794583,246.64829153841828,267.683349609375,94568156
2022-04-06,269.98255221246217,290.0881434675847,267.1941779141818,283.53302001953125,227551020
2022-04-07,286.02791453962817,291.6046336828153,270.031478586612,271.79254150390625,151174247
2022-04-08,274.8254664610939,276.6843725494542,267.145218557934,272.0860290527344,64353330
2022-04-11,274.92335071580385,282.2122557650234,274.28741299350384,276.7822570800781,47972951
2022-04-12,277.22251466845375,277.22251466845375,265.72661039039167,269.1998291015625,44771140
2022-04-13,272.5752451422841,274.2384645090773,266.4114655379141,267.1941833496094,31460232
2022-04-18,262.1066089414764,262.1066089414764,246.5504552373147,252.32286071777344,89819229
2022-04-19,254.86663716035574,256.3341993704921,237.25589063871888,241.12046813964844,53483065
2022-04-20,244.59371891629038,249.1920778461535,241.21832858100876,244.25128173828125,41573598
2022-04-21,247.52883578006453,254.57314660697637,245.27857065084632,253.25233459472656,40617734
2022-04-22,252.42070922078173,253.39908406272275,246.843975607481,247.62667846679688,30569068
2022-04-25,242.6369600125352,246.11019367589708,239.40832005886344,242.0010223388672,24620801
2022-04-26,245.7188477166488,246.01236316948928,242.68589451414013,243.46859741210938,17965504
2022-04-27,242.44128803054625,249.73017759354684,240.19102291563468,242.0010223388672,32027943
2022-04-28,245.47424871115481,245.47424871115481,239.11481206134442,242.88156127929688,20911099
2022-04-29,245.47423897500363,247.72450407067905,235.64158387256902,237.10914611816406,26234765
2022-05-02,234.8099731199698,244.2512848176422,233.2445673276436,243.12615966796875,26535475
2022-05-04,244.44695388352,248.7028753781709,237.5983301677547,239.6529083251953,30780217
2022-05-05,243.5664066057577,245.8655933868441,239.65290735544204,242.14776611328125,24304759
2022-05-06,237.74508506121595,241.65858440378742,235.4458982259291,239.8975067138672,28044381
2022-05-09,229.91808883003566,231.38565109916357,218.22651240507992,225.02621459960938,60959066
2022-05-10,224.97728918457878,229.4288976470761,215.8784002793368,217.34596252441406,30274946
2022-05-11,217.9819293307463,224.8305535875456,214.75328919534914,221.60191345214844,35097575
2022-05-12,220.9170334589679,222.14000196247324,212.3562539344305,214.31300354003906,29320356
2022-05-13,220.13434000704453,224.2435113680796,216.5143560682473,217.98191833496094,33108597
2022-05-16,220.03650357585596,222.72703448406094,215.73166009425432,221.6997528076172,22192986
2022-05-17,223.99891892682035,237.2559011303843,222.92271554908518,235.93508911132812,34735919
2022-05-18,238.08753471014322,238.08753471014322,231.38566076302806,232.55970764160156,25004758
2022-05-19,224.53703170228042,227.56999975780263,221.4551568465205,223.50973510742188,23697546
2022-05-20,227.4721514833702,230.89646344118435,225.2708080819182,228.2059326171875,18294157
2022-05-23,229.86917582446694,230.79862897775342,223.80325453432707,224.83055114746094,16642801
2022-05-24,225.2219070355102,226.39595397166488,219.88976662589587,222.0911102294922,17636195
2022-05-25,224.04784345435232,224.92837485884752,215.24246969413758,216.1230010986328,16194564
2022-05-26,218.12867989649357,219.44949197652437,205.65439998284128,216.66111755371094,34963419
2022-05-27,220.8191818668134,221.89540008174995,217.88405756660194,219.79188537597656,16159280
2022-05-30,222.97162122443112,228.8418702949697,222.0910898353765,228.2059326171875,19674867
2022-05-31,227.8634912340033,232.46186486389948,226.29810046811141,230.06483459472656,21535025
2022-06-01,228.54836039553237,231.09212593097644,225.56431425483268,227.71673583984375,14805104
2022-06-02,226.98296951024173,230.79862552617206,226.29811008799982,229.13539123535156,13296442
2022-06-03,231.1899805469893,231.72808970143063,225.22188797739503,226.0535125732422,11433422
2022-06-06,226.00460096016383,228.54838166111205,222.62921055496358,227.22756958007812,11689465
2022-06-07,225.90674334675217,230.4072735576203,224.78161825844273,229.67349243164062,14994271
2022-06-08,230.84753697654713,231.2878026620409,226.102428032513,227.96133422851562,13235033
2022-06-09,226.98295736345415,229.62456638148998,226.3959265021951,228.01025390625,10241164
2022-06-10,226.39593811311337,227.37431297951198,224.04784440528297,225.27081298828125,9619461
2022-06-13,218.61785833054415,221.45515436689945,214.16624975521202,214.75328063964844,19190225
2022-06-14,210.057070833962,219.54730360065048,210.008149107207,215.63380432128906,16235651
2022-06-15,217.95141174987407,219.2334818874748,215.28865995535037,215.9296875,11820899
2022-06-16,219.33207824614115,220.2196721484978,206.11693170630133,206.90589904785156,22486470
2022-06-17,206.90589936700337,210.9986458256764,204.1938344719476,207.3990020751953,20447908
2022-06-20,208.87830601305015,209.9631229203483,187.37902535714883,192.21142578125,46007687
2022-06-21,195.07144557652646,204.88418702359178,189.84455355976615,201.72833251953125,40390379
2022-06-22,200.89004993522917,201.77764388149214,196.2548872657486,198.52316284179688,19099052
2022-06-23,198.5231576716808,202.07348821936836,195.90970423209748,200.150390625,20176334
2022-06-24,202.07348817889013,205.87038513360872,200.89004466323132,205.0321044921875,16789270
2022-06-27,207.00451552324617,208.68107680734826,204.785553286606,205.27865600585938,18526023
2022-06-28,203.25694719988624,206.2648617531948,202.0734886332656,205.77175903320312,13321760
2022-06-29,203.2569556026776,206.8072863044104,202.9117776650932,204.44039916992188,12179447
2022-06-30,204.44038982525117,206.36348741515883,198.6217687257836,199.41073608398438,16161389
2022-07-01,199.90384474094364,204.78555878291382,197.83282229347506,204.14453125,15807993
2022-07-04,204.8348716045132,209.8645254838832,204.3417688731358,208.53314208984375,14714951
2022-07-05,211.54107880354175,214.10521911139017,209.07556506457271,209.86453247070312,18209477
2022-07-06,209.56865025457935,211.7876124337455,207.20176328278896,211.04795837402344,13022748
2022-07-07,212.97105938893614,213.3162373084162,209.3714155923042,211.5903778076172,14827327
2022-07-08,214.6969071982791,217.80346315952818,211.78760435073454,217.01449584960938,17940782
2022-07-11,215.9789897361401,218.83897947131666,215.28864894299065,217.70484924316406,14996210
2022-07-12,216.8172708362589,221.10725544818675,216.07761676024023,218.4445037841797,14294272
2022-07-13,218.93760603389543,220.17036282462684,216.81727037315773,217.70484924316406,11090495
2022-07-14,219.8251761451793,220.17035405215108,216.12690592033914,218.29656982421875,11027964
2022-07-15,218.8389820788242,223.0796684991289,218.5924307177402,221.89622497558594,13191940
2022-07-18,223.8193273672995,225.74242501520735,222.38933245210143,224.65760803222656,11035599
2022-07-19,223.52345975963274,226.33415131819874,223.3755349610981,224.85484313964844,7716506
2022-07-20,226.82724463418262,227.41897390037454,223.6713903271932,224.46035766601562,10163009
2022-07-21,223.57276535105262,227.71482509884729,223.3755272770244,226.92587280273438,11218003
2022-07-22,227.02450000726364,230.7720838660304,227.02450000726364,227.66554260253906,12459803
2022-07-25,228.20793835599454,230.13105104948363,226.33415399366808,229.2927703857422,10169772
2022-07-26,229.7858785992762,230.27898134305147,221.9948612669475,223.03036499023438,11541475
2022-07-27,217.85277230519196,220.86070186030142,212.52726903092972,214.99278259277344,33675845
2022-07-28,217.35966343675918,218.3951821130657,213.9079445479376,215.1407012939453,22716582
2022-07-29,217.16244295710268,219.57864336532873,215.83107459255427,218.8389892578125,19006987
2022-08-01,219.2334676827325,228.060003174305,218.54312689900013,227.17242431640625,22010178
2022-08-02,226.82725069604086,230.37759629147308,224.06587246051586,229.44068908691406,20231195
2022-08-03,228.79966765372984,234.02655962272095,227.8627754725666,229.2927703857422,25614730
2022-08-04,230.57484687266435,231.56105236395177,222.19210019672107,224.50967407226562,20979139
2022-08-05,225.49587919290803,230.03243046469422,224.55898698738523,228.89830017089844,33228441
2022-08-08,228.84897838448157,229.63794575656303,224.55897864449548,225.1013946533203,11852419
2022-08-10,226.33415162067706,227.22173050967305,224.0165627851972,225.3479461669922,11392194
2022-08-11,226.72862212371436,228.15863203450533,225.2000157472974,226.2355194091797,9195356
2022-08-12,226.8272505434138,232.44861852548175,225.44656895073072,229.1941375732422,23305682
2022-08-16,230.42688758993697,234.22378443055234,228.2079254216475,232.74447631835938,18790189
2022-08-17,235.1606805120632,238.46447470415666,233.33620950533296,234.02655029296875,23760210
2022-08-18,233.6813666210593,236.4920580315908,232.64584794095293,234.66757202148438,15238636
2022-08-19,235.55517483996968,238.56308938664614,228.7996615716586,229.44068908691406,23097652
2022-08-22,229.440683644608,229.440683644608,219.77588262196957,221.0579376220703,20956719
2022-08-23,219.67726353705788,228.8982904949708,218.59243152496194,228.2572479248047,19119958
2022-08-24,227.76413805943605,229.58862410030991,224.36173238025273,226.43276977539062,14521061
2022-08-25,227.41898723397466,229.9831124251071,225.49587453024878,226.1369171142578,13814880
2022-08-26,227.8134697784471,233.13897344225893,227.66554497323628,231.85691833496094,19400636
2022-08-29,224.01655917896525,230.47620780627352,223.96726094571542,229.44068908691406,14098344
2022-08-30,230.77207812216753,234.22379723937945,230.77207812216753,233.68138122558594,13418819
2022-09-01,231.8075970138052,236.93586241010777,231.16655443407916,233.9279327392578,14693953
2022-09-02,235.16068836724895,236.19620710744283,231.21586653664448,231.9555206298828,12347290
2022-09-05,232.20205754317857,235.11136045252843,231.95550619410994,233.18826293945312,10500643
2022-09-06,234.3717222181676,244.57895477760167,233.92793276956203,243.93792724609375,61475311
2022-09-07,243.54344177246094,247.68550180424592,241.81758217185876,243.54344177246094,30474615
2022-09-08,246.1075621665973,246.6499781497549,240.23964300842013,241.52169799804688,14951235
2022-09-09,243.09962805325307,243.59273074707306,237.87273648910121,239.0068817138672,12290186
2022-09-12,240.33826246951074,241.81757062797917,238.36585159155283,239.45068359375,10322525
2022-09-13,240.53549945741702,241.521704891926,236.7386175635379,237.72482299804688,13871114
2022-09-14,234.1744746469235,240.78204797038242,233.38550729898054,238.16860961914062,24228696
2022-09-15,239.00688657060638,243.49410913691085,236.59067128314976,242.01480102539062,19214950
2022-09-16,243.4941126829505,244.3323933110067,229.44068541884616,233.04034423828125,58044047
2022-09-19,234.2238039401627,234.66759340112586,228.7010471753056,229.1448516845703,14016637
2022-09-20,231.75828566840048,234.22379934572388,230.92000499879,232.0048370361328,10376536
2022-09-21,232.25138284427658,233.3362148556509,227.17243080988985,228.0106964111328,14179308
2022-09-22,225.9396712112451,230.27896910656676,224.31242321427396,228.45448303222656,19648230
2022-09-23,228.06000868833408,229.14484069492866,220.46622978707458,221.4031219482422,16143866
2022-09-26,219.726573082689,220.4662271560946,209.5686541315917,212.3300323486328,22684799
2022-09-27,214.30245673519013,216.8172837531344,211.49176505955214,214.49969482421875,14097631
2022-09-28,212.03415750295153,213.8586434821806,209.81519538954853,210.94932556152344,12102060
2022-09-29,213.16829284891986,214.99277887243264,207.59623831489483,209.3220977783203,18736174
2022-09-30,209.27278719347842,214.10520278228614,207.3496896334113,213.5134735107422,13008102
2022-10-03,213.5134805660363,214.99278874547767,208.87831794678024,210.20968627929688,10864491
2022-10-04,213.80934280947852,216.9158839320836,213.21761352502955,216.02830505371094,11173725
2022-10-06,217.95141331696553,220.17037566974005,217.21175919937403,218.64175415039062,10571565
2022-10-07,218.59242919769054,219.82518599453812,215.73243944832447,219.4307098388672,11098716
2022-10-10,216.96520109816188,217.7048551928147,214.10521128482472,217.3103790283203,9516511
2022-10-11,217.3596627690316,219.18414876683823,213.5134677526231,214.1544952392578,9006207
2022-10-12,214.99277946670338,216.37346102194005,212.08347651569017,214.94346618652344,9504518
2022-10-13,214.94347728338195,215.8803694619685,210.5548659902019,213.16830444335938,9559072
2022-10-14,216.96520133757176,217.5569306332674,212.5272767647578,212.9217529296875,8739363
2022-10-17,212.03416323551022,215.48588217190223,210.90003303287295,214.94346618652344,9420098
2022-10-18,216.02831196097168,218.9376150978824,215.63382074262537,217.60623168945312,10267276
2022-10-19,218.3458690002949,218.5924203496847,214.54898724867192,215.3872528076172,7712123
2022-10-20,214.84486259119709,218.24726837278308,213.11900305940557,217.75416564941406,7889548
2022-10-21,218.19794142467947,219.18414680964975,214.54898450994932,215.58450317382812,8153053
2022-10-24,217.9513995026889,218.09932429751075,215.28864785779126,215.97898864746094,2893840
2022-10-25,216.07762524430265,219.82519400463437,214.64761526921149,217.60623168945312,9040336
2022-10-27,218.74036216445356,223.77000070846458,218.0500213895854,222.7344970703125,12783887
2022-10-28,223.86863901570268,224.55897982679573,219.48002773628855,221.94554138183594,13141721
2022-10-31,224.953453087796,225.84103191004388,221.10724307868867,222.88241577148438,22697530
2022-11-01,223.3755425769831,228.1586452033605,223.3755425769831,227.4189910888672,16978101
2022-11-02,226.8272424640536,228.60241519734535,224.65759358927485,225.89035034179688,9478217
2022-11-03,225.05207464831835,226.3341447086155,222.63587437023943,224.2631072998047,9095013
2022-11-04,224.5589817602238,226.23552804397067,223.62208957650947,225.1507110595703,8681681
2022-11-07,225.20003079695783,227.22174002301614,223.77002079060216,225.98898315429688,9570452
2022-11-09,226.92587359374463,231.2651714306933,225.69311681639553,228.15863037109375,16625632
2022-11-10,228.0106951858016,230.1803441485896,225.34794350200264,226.0382843017578,8944902
2022-11-11,228.79966601349972,228.79966601349972,226.03828772436623,226.58070373535156,7259679
2022-11-14,226.8765640183137,227.2217268926283,223.67139634485957,224.55897521972656,7310857
2022-11-15,225.2986334829007,227.0738063139074,224.85484403722427,226.3341522216797,6426117
2022-11-16,226.33413995665308,226.8272426580837,219.18415078590914,221.50173950195312,10662953
2022-11-17,221.600351822669,221.79758989430164,217.95139482841444,218.3458709716797,10679502
2022-11-18,219.28279603616167,219.77589877962208,215.68313697991982,217.40899658203125,7718744
2022-11-21,217.4089788451995,219.33207637814309,215.38725475228944,218.3458709716797,6226956
2022-11-22,218.0007137266862,218.93760587731185,216.02830286292664,217.4582977294922,7105721
2022-11-23,218.4445064524705,219.184160537524,217.4583010057325,217.75416564941406,5966239
2022-11-24,217.95140060131033,218.64174139445979,216.57071901501143,217.70484924316406,6612342
2022-11-25,218.1486317815492,221.74829052566454,217.31036621933345,221.00863647460938,8062766
2022-11-28,221.0086368005225,223.32621046826628,220.21966946857347,221.50173950195312,7388645
2022-11-29,221.89622090766204,222.34001033981724,219.82518349320364,220.3675994873047,6165404
2022-11-30,220.46623304621954,222.29070411371683,219.57863910543887,221.69898986816406,8815900
2022-12-01,222.14278244367276,224.01656682010355,220.515549435104,221.74830627441406,7833074
2022-12-02,222.3400145686003,223.22760849809282,220.76209488555946,222.1427764892578,7223274
2022-12-05,222.14277273775687,222.73450201409224,219.2827830148374,221.1072540283203,10750610
2022-12-06,221.10724796280434,227.12310693008172,220.41690719155122,225.643798828125,20071039
2022-12-07,225.64380000973557,226.43276734457072,222.2906925987613,222.7344970703125,7548312
2022-12-08,222.88243355748372,224.1645036628286,221.6989900172812,221.94554138183594,7507975
2022-12-09,222.78380967675778,223.3755389781396,214.49968974722015,216.37347412109375,13087278
2022-12-12,216.71865417478583,216.71865417478583,212.72451897214316,214.69692993164062,8858525
2022-12-13,215.78175666385596,217.26106484704286,214.79555120839802,215.83106994628906,7265105
2022-12-14,216.76795523560367,220.121047658359,216.3734640369674,219.62794494628906,9179593
2022-12-15,219.57863730717816,221.69898805253854,218.00071761699232,218.74037170410156,7909066
2022-12-16,217.9514047422644,219.4307129192481,213.0696907678784,214.3517608642578,10349382
2022-12-19,214.9927849436294,214.9927849436294,211.93554207419328,213.80934143066406,9302368
2022-12-20,213.8093451565987,215.4858914165409,211.6396961703029,214.84486389160156,6418826
2022-12-21,215.387259201054,216.37346462788722,209.56865320205824,210.85072326660156,9737819
2022-12-22,211.93554319118888,212.33003439645697,203.70073679016585,206.018310546875,14020296
2022-12-23,203.35556713047725,205.0321134381702,193.29627423601823,194.18385314941406,20819266
2022-12-26,194.57833303485683,201.8269338674335,191.91558140149598,200.34762573242188,18203352
2022-12-27,203.94729049722523,205.42659867532652,201.97487959309018,204.83486938476562,11851262
2022-12-28,204.48969472317074,207.39899762948062,203.9472787461265,205.3772735595703,8920331
2022-12-29,205.91969420765548,205.91969420765548,202.1721106110587,203.01039123535156,15374707
2022-12-30,204.53900473948516,207.10314493418113,204.14452857797855,204.83486938476562,7372810
2023-01-02,205.87038469361636,209.27279043697646,205.3279686943443,208.92762756347656,7746971
2023-01-03,209.07556735475487,210.06177286114524,207.10315634197417,208.43453979492188,7238453
2023-01-04,208.08934457013697,208.43452248803325,203.01039265326665,205.22935485839844,14226706
2023-01-05,206.70866267702516,206.85658747115272,202.32003650610045,204.7362518310547,10272550
2023-01-06,204.73626876289862,205.87039907380486,201.2845494969905,202.5666046142578,9603038
2023-01-09,203.60211166465533,204.29245246837377,202.3693548550506,203.35556030273438,6631221
2023-01-10,203.79935585894492,204.93350118678856,201.87625818792472,203.2076416015625,8246247
2023-01-11,203.99659665296647,204.4403860812331,202.32003540438077,203.01039123535156,7061239
2023-01-12,203.55279807807628,203.9472892855401,200.98867294691516,202.86245727539062,6167789
2023-01-13,202.86245773009213,203.9472897426732,201.33383627538277,203.60211181640625,5801690
2023-01-16,204.44039277052963,205.37728493825884,203.30624747418292,204.09521484375,4396161
2023-01-17,204.0459020134514,205.62383675607984,203.158323125911,204.83486938476562,5676087
2023-01-18,204.7855590779828,205.47591494310154,204.44039619372464,204.63763427734375,4564618
2023-01-19,204.09520469382088,204.63762067394197,202.22142045154823,202.4679718017578,4978935
2023-01-20,202.5172953027678,205.6238364528794,202.27074394011444,204.34176635742188,6362978
2023-01-23,204.88418534873188,205.13073671497585,203.848666600847,204.14453125,4638356
2023-01-24,204.19383472682938,205.27865165722554,202.66521331986618,203.01039123535156,6551672
2023-01-25,203.01039447878247,203.40487063281068,198.07936731192643,198.67108154296875,9681030
2023-01-27,199.70659483561454,201.03797815383876,193.93728718771,199.5586700439453,13521282
2023-01-30,200.64350344428084,202.96109235948134,198.572480949284,201.53109741210938,10341362
2023-01-31,202.6652204382634,211.68899430707006,201.62970170373617,209.963134765625,16807189
2023-02-01,211.93553822612625,212.4286409349337,193.93728935465396,203.01039123535156,19017445
2023-02-02,202.12279454171485,205.91969136646452,201.1859024175676,203.4541778564453,9841415
2023-02-03,204.63762067394197,205.32796144486872,199.21349096933147,202.4679718017578,10618799
2023-02-06,206.11694619650817,209.91384332997495,203.8979838570721,205.67315673828125,17908243
2023-02-07,206.61003213960987,207.1031348416137,202.17210782157528,203.4541778564453,8095192
2023-02-08,203.45418435994995,204.68694115436517,201.38314692601207,204.29244995117188,8259877
2023-02-09,204.3417684414499,204.7855578890918,200.7421245293198,202.66522216796875,6294658
2023-02-10,202.66520954422342,203.30623703441063,200.05177125555227,201.97486877441406,5515771
2023-02-13,202.46797380062142,203.40486593100718,199.50935756889766,200.7914276123047,6844360
2023-02-14,200.89003880137406,201.67900613822522,199.06556782372482,200.29832458496094,5125639
2023-02-15,199.8545153736138,202.81313153042998,199.55866579657214,202.4186553955078,6323738
2023-02-16,202.7638423237106,203.55279462866696,201.67901033194468,202.32003784179688,4862186
2023-02-17,201.67901314171613,203.20763458839176,201.3338352172633,201.87625122070312,5939096
2023-02-20,201.9748681157524,202.51728409322664,199.41072806676516,200.98866271972656,7780404
2023-02-21,202.02419302376288,206.8565937231233,201.77764166056485,205.0814208984375,15068225
2023-02-22,204.68693194119106,204.68693194119106,198.8190128735559,199.5093536376953,15048335
2023-02-23,200.00247103726736,200.89004993522917,197.83282202690424,198.52316284179688,10723010
2023-02-24,199.11486245225848,200.15038112261763,198.5231482465533,199.5093536376953,5212611
2023-02-27,199.16418631971396,199.5093642442845,194.77557510547854,196.99453735351562,12387738
2023-02-28,198.1779856431646,200.15039657775355,196.79730400827282,199.75592041015625,6795039
2023-03-01,200.49557567823405,202.56659814263256,199.60798172351932,201.72833251953125,6502602
2023-03-02,201.67902292098634,203.45419581454777,200.7421307141433,202.76385498046875,6290128
2023-03-03,203.25693765201268,206.36347862271197,203.15831109332694,204.88417053222656,9201938
2023-03-06,205.6238293160442,209.9631271288132,205.2293531688108,207.3990020751953,11959992
2023-03-08,206.56071898567671,208.9769192173085,205.22935071843483,208.3358917236328,7273306
2023-03-09,208.8289934415215,209.81519884148145,206.51140473229552,206.85658264160156,7481807
2023-03-10,205.1800510264197,206.31418129750668,203.15832680342442,205.87039184570312,5967859
2023-03-13,204.19384835076136,206.3141841207833,199.41074573687743,200.05178833007812,7250840
2023-03-14,201.03798172558686,202.36935001916459,198.9176310347548,200.59417724609375,7282943
2023-03-15,202.172114782485,202.61590421990834,199.75591446913498,200.150390625,5658938
2023-03-16,200.15038781490117,201.72832251280872,196.10695460500148,200.59417724609375,7483698
2023-03-17,201.62969705080977,203.55279462866696,200.84072969755277,202.32003784179688,6398045
2023-03-20,201.67902121423504,201.72833449803085,197.73419928339425,199.80523681640625,6100721
2023-03-21,200.19969440183473,200.79142365584,198.8190128735559,199.5093536376953,4431418
2023-03-22,200.5448960220156,200.98868549084656,197.7342043055831,198.17799377441406,7561000
2023-03-23,197.24109511281057,199.4107441493912,196.797305658467,197.3397216796875,5367782
2023-03-24,197.3397108371552,198.47384105242025,189.4500674661273,190.09109497070312,16010459
2023-03-27,190.23902514686972,191.32385716039852,181.90559211011046,184.0752410888672,22247890
2023-03-28,184.12455585206314,184.913523227494,179.8345711421659,181.41249084472656,12023683
2023-03-29,181.95489567759225,185.11074993713706,180.77145221130044,182.94110107421875,17480941
2023-03-31,185.89972036113565,188.9569631609307,185.35730437429453,187.62557983398438,13519886
2023-04-03,190.68283712777114,193.3455889357618,189.40076698368628,191.27455139160156,14927965
2023-04-05,191.96487135051655,192.26073597441206,189.84453580114834,191.9155731201172,7802577
2023-04-06,190.83075060581885,193.29626417953745,189.45006902385668,192.55661010742188,8898362
2023-04-10,192.80315865515252,195.02212083916322,192.40868250842632,193.00039672851562,7752647
2023-04-11,194.2824741282234,195.1700530160878,193.09903059497057,194.82489013671875,4957133
2023-04-12,195.268682416379,195.86041171574908,192.85248203250322,194.381103515625,8183550
2023-04-13,194.47969612402485,194.47969612402485,191.5703932896464,193.5921173095703,6448150
2023-04-17,193.59212679373135,194.8741968483191,192.11281866496873,194.233154296875,4756452
2023-04-18,194.77557357575353,195.465914371172,193.44419021806732,194.52902221679688,4249222
2023-04-19,194.82488129626483,195.02211936814018,190.38695696171803,190.78143310546875,6753761
2023-04-20,190.88005849758005,194.08522605291842,190.7814319380957,193.69073486328125,6086016
2023-04-21,194.23315349741046,194.23315349741046,191.81695324003664,193.00039672851562,4015567
2023-04-24,193.78937347889317,193.98661156183232,192.11282720145866,193.14834594726562,5017631
2023-04-25,193.1483347398901,196.0576376772593,192.65523203700377,194.92349243164062,5957551
2023-04-26,194.92351108926962,196.2055812491509,193.4442028390147,195.46592712402344,4910837
2023-04-27,195.71246650350992,197.1917746630955,194.9234991420708,195.76177978515625,5215692
2023-04-28,196.74799294954434,198.76971719001446,196.2548902103224,198.325927734375,7951645
2023-05-02,199.1641875431565,200.15039299278666,197.6355660865695,198.96694946289062,6881245
2023-05-03,199.01625192767486,201.43245213827817,197.68486862371995,200.98866271972656,8641713
2023-05-04,201.08727735790453,201.72831990427167,199.31211965608867,201.03797912597656,8211667
2023-05-05,201.08727787040183,202.7638391126347,196.64935350795088,197.38900756835938,16337389
2023-05-08,198.720395596345,200.39694182992946,196.74798472193962,199.90383911132812,7724617
2023-05-09,200.93934911020546,202.27073241197348,199.60796580843743,200.4955596923828,7956883
2023-05-10,200.69280427924775,201.6296964246996,199.41073421522387,201.33383178710938,5026713
2023-05-11,201.67900511957143,204.34175670073213,201.33382720884865,203.4541778564453,8986218
2023-05-12,203.9966095698981,204.9335017662956,203.30625369521445,204.19384765625,7304524
2023-05-15,204.785553286606,206.5114128039928,203.60210977005804,205.27865600585938,6740655
2023-05-16,205.969026028946,212.03418387392594,205.32798342081117,208.43453979492188,18196503
2023-05-17,209.47001959341125,209.47001959341125,203.99659169725535,204.88417053222656,9107799
2023-05-18,206.11693146805206,206.8072722479979,201.2845309601308,201.7776336669922,8248339
2023-05-19,203.4541806636182,203.6514187374811,199.01625628435104,203.01039123535156,9002705
2023-05-22,203.1583222228578,204.04590110645285,201.284537891579,203.35556030273438,5577418
2023-05-23,203.65143751219634,204.58832973564293,202.6652320036627,204.04591369628906,5017652
2023-05-24,203.7993472334058,205.13073059069453,202.7145302833008,204.29244995117188,5447203
2023-05-25,204.34175957878642,208.28658125037805,203.70073207647295,207.89210510253906,8705559
2023-05-26,209.32210991376198,210.85073139393495,207.7441751506864,209.27279663085938,8476048
2023-05-29,210.06175485074795,214.69691732370998,208.779684792703,214.00657653808594,12956419
2023-05-30,214.99277567722223,215.43656509441885,212.03415949817787,213.90794372558594,11975300
2023-05-31,213.9079509013783,215.97898831550475,209.96312919698553,210.6041717529297,11299432
2023-06-01,210.99864899718244,214.0065785720254,210.06175684719545,212.3300323486328,6324964
2023-06-02,213.41484019911115,213.90794289370086,212.03415867357992,212.67518615722656,4908437
2023-06-05,214.00658088819458,216.37346792938882,213.16830024327533,216.02830505371094,8688870
2023-06-06,216.76795456844306,216.76795456844306,212.57658152874868,213.76002502441406,8301040
2023-06-07,215.601500088618,218.63742771967156,213.1130248576249,217.44296264648438,11387499
2023-06-08,217.94066756276882,225.15724605947273,217.4429724940306,219.63282775878906,31056302
2023-06-09,223.56463347016248,223.56463347016248,219.1849077028769,220.1802978515625,11045069
2023-06-12,220.92683237297769,222.51946262793356,219.33421730646955,219.9314422607422,6342344
2023-06-13,220.47890678826917,221.77291695383565,219.8319092997097,220.77752685546875,6249947
2023-06-14,221.47429637681526,224.21161914102308,220.52867882323295,223.11668395996094,10509540
2023-06-15,223.36553919252182,223.61438672512867,219.1351311382055,219.58306884765625,7665159
2023-06-16,220.87705599977787,222.66876120842403,219.88166590480196,221.22544860839844,7136739
2023-06-19,221.97198967640153,223.1166822024928,219.98120949993157,222.1212921142578,7473608
2023-06-20,222.0715469919635,225.306564956907,221.5738519204337,223.9130096435547,11221842
2023-06-21,224.2116240439872,224.95816663236897,221.57384630708415,223.26600646972656,6987933
2023-06-22,223.81347777415652,224.11208266368996,219.48352461454476,220.0807647705078,6857007
2023-06-23,220.9766111355328,221.07615622493708,214.70565021426722,217.29367065429688,10890426
2023-06-26,217.29366508414023,218.33882774230057,215.30288485467204,217.59228515625,5136478
2023-06-27,217.89089570548322,219.48352600584823,217.59229081405692,218.23928833007812,4694432
2023-06-28,218.93605018437816,219.93144028768376,216.54712001182375,217.04481506347656,8345362
2023-06-30,218.68720318506251,221.47429851871794,217.8411307082843,220.82730102539062,9940002
2023-07-03,221.87245004924043,223.1664602334621,220.57845505346654,220.87705993652344,5792956
2023-07-04,221.07615560888837,222.27062073617043,219.18490523461432,219.63282775878906,4598056
2023-07-05,219.93143595286006,222.71853122487195,219.53328599476436,220.677978515625,5879342
2023-07-06,223.96277952127014,229.23835025434965,222.51946686871156,228.5415802001953,30885511
2023-07-07,228.74064931968482,231.27889712682207,225.05770896641096,226.94894409179688,16592198
2023-07-10,228.19319195217557,228.19319195217557,223.6143911854985,223.96278381347656,7143637
2023-07-11,224.9581595207265,225.8042471695241,223.66414937074967,224.46046447753906,5156417
2023-07-12,225.20701761678757,226.20240774990043,224.16185493932943,225.2567901611328,7366992
2023-07-13,225.9535539943774,226.15262897782827,219.8816682742155,220.82730102539062,9389403
2023-07-14,221.72315077871596,221.72315077871596,217.54251528320418,220.03099060058594,10191602
2023-07-17,220.9268382919319,223.6641611739164,220.2300682323891,222.46969604492188,7071156
2023-07-18,223.1664626492549,223.26600773698328,219.7323697608965,220.47891235351562,6695221
2023-07-19,220.37936379155036,220.37936379155036,216.49734844650928,218.48812866210938,14481130
2023-07-20,218.78675095213515,219.63282343928154,216.74619817275033,217.14434814453125,6910107
2023-07-21,217.14435449992337,218.18951719199794,215.75081436945615,216.39781188964844,5715378
2023-07-24,217.24389802902928,217.74159309896976,215.80058536389146,216.34805297851562,4387406
2023-07-25,216.49734683412282,219.48351713528314,216.49734683412282,218.4383544921875,7602866
2023-07-26,219.38397714229507,221.3747573892794,218.78675218126853,220.47891235351562,8511027
2023-07-27,221.2254508077764,221.5240708769275,219.4835181242506,219.8816680908203,7845672
2023-07-28,219.88166907764125,236.10653089755908,218.98582405461508,233.5682830810547,57651036
2023-07-31,235.45953849812955,237.7986961926364,234.11575574605789,235.6088409423828,18682254
2023-08-01,236.30561491552047,244.26873609465778,235.1609223213988,243.27334594726562,27535144
2023-08-02,243.57196189693354,243.57196189693354,232.22452048455344,234.66322326660156,22636262
2023-08-03,234.1655185256737,236.50469131108594,231.47796832204833,234.36459350585938,10784942
2023-08-04,235.90745765969214,236.25585027591893,233.41898236792326,234.5636749267578,7710303
2023-08-07,235.8079122594256,235.90745734634325,231.1295817548037,231.72682189941406,7286281
2023-08-08,233.41898698338497,235.55906970124357,229.43742643782616,232.82174682617188,9464101
2023-08-09,235.90746404895387,235.90746404895387,230.93051333062152,233.817138671875,10515447
2023-08-10,234.9120701239015,240.5857908137807,232.42359480479237,236.0567626953125,25155361
2023-08-11,236.952622830329,237.25124290619456,234.06598234822573,235.11114501953125,6875382
2023-08-14,234.91207517820405,235.06137762518375,228.04388922506809,230.0844268798828,10730311
2023-08-16,228.93971969678813,234.41436516779828,226.9987120674831,233.8668975830078,6716135
2023-08-17,233.86691020116388,234.7627704396423,230.8309672384753,231.42820739746094,6535775
2023-08-18,231.4282063715025,232.42359650643368,228.54158105558128,229.03927612304688,6814759
2023-08-21,229.5867217397065,239.2917752675499,229.0392693324837,238.2466278076172,14519170
2023-08-22,240.8844020459686,242.97472731265557,238.49547190270988,242.3774871826172,22416067
2023-08-23,243.52218645039895,247.35444448255,242.37749388933975,244.4678192138672,23010389
2023-08-24,245.8613558016024,251.6346214451595,245.36366074937243,248.5986785888672,28698029
2023-08-25,248.4991370436092,250.539689824515,242.27794880209638,244.4678192138672,15076489
2023-08-28,245.01526585779902,245.7618084291981,242.57656316225152,243.82080078125,7395680
2023-08-29,243.8705751828181,247.35444054257266,243.82080263998924,245.76181030273438,7267365
2023-08-30,246.8567448040848,249.34522005412597,245.76180961868766,246.20974731445312,8228142
2023-08-31,247.5037460489294,248.59868125093928,243.12403561778547,243.97012329101562,11641155
2023-09-01,245.61250592932566,254.77009176519158,244.96550844298608,254.17286682128906,28052910
2023-09-04,256.7609028224599,261.0908256983873,253.92403480323733,257.9553527832031,18767431
2023-09-05,259.59771779968446,261.2898930674504,254.47146502059712,257.2585754394531,14987193
2023-09-06,259.7968232090033,260.593123160035,253.47608982566564,256.3129577636719,9250338
2023-09-07,256.81063942019154,265.1221526240921,255.11846414147126,262.484375,17703150
2023-09-08,263.62906594329456,275.2253541758682,262.4843734389184,267.6106262207031,53019645
2023-09-11,272.73690131979833,272.73690131979833,267.9092530130284,270.6465759277344,16450404
2023-09-12,274.72765891502405,274.72765891502405,258.8014178185009,261.4889831542969,23738913
2023-09-13,262.28529617021667,266.3664017305973,259.79682087448407,263.77838134765625,11803636
2023-09-14,265.6198624159844,266.76455499075206,262.2355420474511,263.8779296875,7915449
2023-09-15,265.8687187897684,266.7148065042614,261.8871581351164,262.7332458496094,7612098
2023-09-18,264.1765337379091,265.52031648528504,261.0908182675744,264.3258361816406,8425365
2023-09-20,264.12676871594624,265.7691563031145,259.7968157120333,260.7922058105469,9016803
2023-09-21,260.7424591332281,260.79221648943326,254.86963301000247,255.4668731689453,7948656
2023-09-22,255.96456753673272,257.8060453647171,253.07794221613636,255.91481018066406,6831744
2023-09-25,257.0097388717198,257.1092535813269,253.82447836500853,255.71571350097656,5384845
2023-09-26,255.9148072824589,262.53414554012943,255.81526219455264,258.6521301269531,9193002
2023-09-27,258.6521268737636,259.398669458327,255.3673212755475,258.5525817871094,5650167
2023-09-28,260.79221578796614,263.03184359530553,256.11386999520977,256.86041259765625,11266992
2023-09-29,258.2539827286937,263.52953829450126,258.2539827286937,261.0908203125,10214222
2023-10-03,261.3396753189635,265.2714786161912,259.59774253255324,262.7332458496094,7137959
2023-10-04,261.7378492725008,261.7378492725008,252.33140030561574,255.4668731689453,12531396
2023-10-05,257.40790262338896,259.0005329620198,254.819882120226,256.611572265625,6675848
2023-10-06,258.3037325209466,258.7516702194289,256.8604047164105,257.55718994140625,3828731
2023-10-09,253.92402995233238,254.77010245547444,247.95168913201988,248.8475341796875,11210941
2023-10-10,249.34521773072532,253.82447313906172,249.34521773072532,252.7295379638672,5951928
2023-10-11,254.02354975522775,255.21801483411934,251.9332396642793,252.77931213378906,6245802
2023-10-12,254.2226329327008,256.2134131911822,253.5258628799219,253.97378540039062,5375168
2023-10-13,253.2770120712135,254.7203247022522,252.0327744257581,252.9286346435547,4300916
2023-10-16,252.9286419234844,255.66596482227342,252.38117430603697,253.6254119873047,6720120
2023-10-17,255.665956146173,258.10464369256226,254.81986847624387,255.71571350097656,6338761
2023-10-18,255.81525649749742,256.5120417204277,250.34061093043036,251.8834686279297,6003534
2023-10-19,251.3857701993464,251.73414761768396,248.34982738797626,250.8383026123047,4782988
2023-10-20,250.34061173683386,251.2364567571333,245.46320629129647,246.25950622558594,7678941
2023-10-23,247.20514945611984,247.60329944014174,235.21069512896804,237.15170288085938,9550108
2023-10-25,238.74432896773396,240.53601905256545,232.07520294005755,235.6088409423828,9555885
2023-10-26,233.9166829084242,234.265075532816,229.7360473579633,233.31944274902344,9272278
2023-10-27,235.06137427129994,237.89824223102403,234.4143767590216,237.05215454101562,7031353
2023-10-30,237.40054731890126,238.79408743323467,233.9166818446197,237.99778747558594,5661460
2023-10-31,239.39132035347095,240.7351030711668,237.1516926162763,238.2466278076172,6266858
2023-11-01,238.8438499277393,239.14246999351644,235.2106821613854,235.8079071044922,4027707
2023-11-02,236.90285281383473,243.9203563235308,236.90285281383473,243.6715087890625,9816661
2023-11-03,244.7166650076407,245.01526989035688,242.77564213929895,243.47242736816406,5030180
2023-11-06,245.86136453255799,250.04200008206163,244.46782441220614,248.3996124267578,9389448
2023-11-07,248.79775520005595,250.83830796524052,247.75259254584458,248.64845275878906,7066697
2023-11-08,251.73415122858353,255.16825923817385,250.3406111583495,253.7747039794922,13131393
2023-11-09,252.82909122590098,252.82909122590098,246.0604353522424,246.85675048828125,15388769
2023-11-10,246.85675322822937,250.68901131945006,245.71206064952608,250.24107360839844,6974541
2023-11-13,251.58485534394222,257.3083485911338,250.09177014902266,255.86502075195312,10251490
2023-11-15,258.005126953125,261.0410546177497,256.91019176400135,258.005126953125,8436750
2023-11-16,258.20418480360394,264.2760704640323,258.15442744956647,261.2401428222656,13551131
2023-11-17,261.6880565144147,263.72862448687806,260.1949713341763,261.439208984375,6452353
2023-11-20,262.63369236825463,263.18114479002253,258.9009793737567,259.64752197265625,4859705
2023-11-21,262.534144191929,264.17653181481217,259.5479738314521,261.439208984375,6931541
2023-11-22,262.1857491438427,262.3848393167871,258.05488625885823,260.8917541503906,4537969
2023-11-23,260.89175636937784,262.534143991004,258.60234086862687,259.5479736328125,5466513
2023-11-24,260.194978922361,260.69267399695497,255.86502569801388,256.9599609375,7153583
2023-11-28,258.2041943065638,270.1488758970932,257.30834926265334,269.5516357421875,24745437
2023-11-29,273.732278679743,274.4290639035041,270.2484133147281,272.1396484375,26392589
2023-11-30,271.7415042603292,271.7415042603292,263.87792834429223,266.6650085449219,20403510
2023-12-01,268.75532067340356,277.21613632423293,267.3119929116219,274.7276611328125,32159928
2023-12-04,283.6861832485533,284.68157336521483,277.61429746153846,280.2520751953125,28890541
2023-12-05,281.69541679097745,281.89450697480413,275.22538071627304,280.20233154296875,21565252
2023-12-06,280.25208439082104,297.2235046628973,278.90833199075377,292.79400634765625,45934967
2023-12-07,293.6400915190167,330.61882917221874,290.80322354252155,324.298095703125,152381610
2023-12-08,330.41977326192114,334.40133387178605,316.63361357488463,322.0584716796875,74992149
2023-12-11,323.8999394567111,333.7542955840599,320.86401173693196,332.1119079589844,40351523
2023-12-12,333.45567487670735,333.45567487670735,326.0897944025709,329.2750244140625,22627713
2023-12-13,330.56905805579976,338.93032881461386,328.2298852470453,336.5911560058594,33632037
2023-12-14,339.3284971611309,340.3238873143621,333.45570133244627,333.8538513183594,16560229
2023-12-15,335.844621759472,336.9395569712422,330.27043098973843,331.66400146484375,17080409
2023-12-18,337.4372386357895,338.7312335948444,332.85843817184235,335.4962158203125,15561817
2023-12-19,336.9395523446431,336.9395523446431,328.9266741072938,334.3515319824219,11713755
2023-12-20,335.1478576230465,345.30081838062597,316.5340506688082,318.67413330078125,40678163
2023-12-21,316.5340471409519,329.1755133756409,311.2584918393606,327.035400390625,26393082
2023-12-22,329.4741179821831,330.46950806672146,322.0584497016148,325.1441650390625,15179674
2023-12-26,327.0354056047894,329.87227346864296,323.50178289621954,323.8999328613281,11314266
2023-12-27,325.5423180074383,328.37918584998096,320.1672175766126,323.35247802734375,10349372
2023-12-28,325.094432795528,329.4741434304017,322.50641230045363,328.2796630859375,16182026
2023-12-29,328.57829777271445,334.45109363921415,324.5469494000322,330.61883544921875,19909151
2024-01-01,332.36075424936564,334.3017771297832,326.637261072165,328.77734375,10096386
2024-01-02,330.17091505379085,331.1663051740894,318.12668852279916,328.3294372558594,15689859
2024-01-03,328.08059504686685,328.08059504686685,323.3524918987644,325.1939697265625,9954264
2024-01-04,325.29349251458706,339.22895477075247,325.29349251458706,336.2925720214844,26968463
2024-01-05,337.78562866890104,348.0879220401189,334.60036827208677,339.1791687011719,37557423
2024-01-08,342.4141894713414,342.4141894713414,335.7948514769982,337.3874816894531,14548833
2024-01-09,340.07504188978356,343.26030255067997,336.4916312404994,338.6317443847656,14504090
2024-01-10,340.6224974345823,347.14229030606015,339.179169668215,344.8529052734375,23432704
2024-01-11,347.83907474177454,358.34042790890265,346.2464445423561,355.6528625488281,33499272
2024-01-12,359.98281478016764,360.1819049460536,354.90631931902,356.1007995605469,20933438
2024-01-15,357.9920565183939,358.539539319609,351.3727181860195,357.2455139160156,12869181
2024-01-16,357.29529382423874,359.03722652497305,347.3911500321624,351.8206481933594,14129539
2024-01-17,350.77545747597486,353.7118703573697,344.9026620900797,347.1920471191406,12084011
2024-01-18,346.1966589381832,348.3865292729424,333.754282892721,343.95703125,16863929
2024-01-19,346.3957576320425,349.68053283813987,343.5091323938212,347.0427551269531,13483525
2024-01-23,363.8150817301615,364.06392925528473,339.6271144389417,344.60406494140625,25989141
2024-01-24,346.89344599230986,356.2501067528784,342.16534306988956,355.30450439453125,19810051
2024-01-25,357.2952881200171,365.00956138582507,356.34965537538585,363.41693115234375,19949672
2024-01-29,367.7468770668816,385.4648083333846,365.1588567844871,380.13946533203125,34448280
2024-01-30,384.3201443803268,390.9892401833085,380.23903867518754,381.4832763671875,23860682
2024-01-31,383.22520492778824,389.3966359630982,381.93120989307636,387.95330810546875,15543971
2024-02-01,390.2924825762167,394.8712833261786,383.67314417638414,387.0574645996094,25396799
2024-02-02,389.74498444596026,392.9800022953776,385.76342401590824,388.0030517578125,13340756
2024-02-05,393.6768010328264,400.64453202455786,388.4012454327026,392.1837158203125,22188678
2024-02-06,394.8214749283903,394.8214749283903,384.9671190677115,391.1385498046875,12288416
2024-02-07,393.8758824500839,399.89798052250205,390.1929268570524,393.3283996582031,13281036
2024-02-08,394.6721955495123,409.0058076731569,391.2878751056777,405.5219421386719,21626429
